rank,player,position,age,team,games,games_started,mins_played,field_goal,field_goal_atmpts,field_goal_pct,three_pt,three_pt_atmpts,three_pt_pct,two_pt,two_pt_atmpts,two_pt_pct,free_throw,free_throw_atmpts,free_throw_pct,rebounds_offensive,rebounds_defensive,rebounds_total,assists,steals,blocks,turnovers,fouls,pts
1,Precious Achiuwa,C-PF,24,TOT,49,10,1058,5.6,11.3,0.498,0.7,2.5,0.274,4.9,8.8,0.562,1.5,2.4,0.62,4.4,6.3,10.7,2.3,1.1,1.3,1.8,3.1,13.4
2,Bam Adebayo,C,26,MIA,46,46,1592,8,15.7,0.512,0,0.2,0.091,8,15.4,0.519,5,6.5,0.78,2.4,8.6,11,4.3,1.1,1,2.5,2.6,21.1
3,Ochai Agbaji,SG,23,TOT,56,10,1076,3.9,9.2,0.425,1.7,5.3,0.331,2.2,3.9,0.551,0.6,0.8,0.739,1.3,3.2,4.5,1.7,1,1,1.4,2.4,10.1
4,Santi Aldama,PF,23,MEM,45,19,1115,5.7,13.3,0.428,2.4,7.1,0.341,3.3,6.2,0.529,1.2,2,0.597,1.6,6.4,8.1,3.2,0.9,1,1.5,2.1,15
5,Nickeil Alexander-Walker,SG,25,MIN,56,16,1283,4,9.3,0.432,2.3,6.1,0.384,1.7,3.3,0.521,0.8,1.1,0.763,0.6,2.4,3,4,1.3,0.8,1.5,2.9,11.2
6,Grayson Allen,SG,28,PHO,51,51,1684,4.6,9.1,0.509,2.7,5.6,0.485,1.9,3.5,0.549,1.9,2.2,0.883,0.7,3.6,4.4,3.5,0.9,0.7,1.4,2.4,14
7,Jarrett Allen,C,25,CLE,50,50,1543,7.6,11.7,0.644,0,0.1,0,7.6,11.6,0.651,3.3,4.5,0.734,4,8.3,12.3,3.1,0.9,1.3,2.1,2.6,18.4
8,Jose Alvarado,PG,25,NOP,39,0,654,5.4,13,0.414,2.7,7.5,0.358,2.7,5.5,0.49,1.5,2.2,0.675,0.9,3.8,4.7,4.2,2.4,0.8,1.6,3.1,15
9,Kyle Anderson,PF,30,MIN,56,2,1230,3.9,8.3,0.472,0.2,0.9,0.219,3.7,7.3,0.504,2,2.9,0.7,1.3,4.4,5.7,6.7,1.3,0.8,2.1,2.5,10
10,Giannis Antetokounmpo,PF,29,MIL,55,55,1929,11.9,19.2,0.617,0.5,1.8,0.263,11.4,17.4,0.652,7.5,11.4,0.654,2.6,8.9,11.6,6.6,1.4,1.1,3.6,3.1,31.6
11,Thanasis Antetokounmpo,PF,31,MIL,23,0,106,3.7,7.1,0.524,0,0.3,0,3.7,6.8,0.55,0,0,NA,1.7,1.4,3.1,4.1,1,1.4,3.4,6.8,7.5
12,Cole Anthony,PG,23,ORL,55,0,1260,6.4,14.7,0.437,1.7,5,0.33,4.8,9.7,0.493,4.2,5,0.839,1.4,4.9,6.3,4.9,1.3,0.7,2.7,3.9,18.7
13,OG Anunoby,SF,26,TOT,41,41,1400,6.1,12.3,0.498,2.2,5.8,0.379,3.9,6.5,0.606,1.7,2.2,0.774,1,3.4,4.4,2.4,1.4,0.7,1.6,2.5,16.1
14,Ryan Arcidiacono,PG,29,NYK,20,0,45,0,4.8,0,0,4.8,0,0,0,NA,0,0,NA,0,6.4,6.4,3.2,1.6,0,1.6,4,0
15,Deni Avdija,SF,23,WAS,55,55,1548,6.4,12.6,0.513,1.5,3.6,0.404,5,8.9,0.557,3,4.1,0.74,1.3,7,8.3,4.8,1,0.6,2.6,3.2,17.4
16,Deandre Ayton,C,25,POR,38,38,1207,7.4,13.1,0.564,0,0,NA,7.4,13.1,0.564,1.1,1.4,0.809,3.4,8.3,11.8,1.9,1.2,0.9,1.9,2.6,15.9
17,Udoka Azubuike,C,24,PHO,14,0,107,5.4,7.4,0.727,0,0,NA,5.4,7.4,0.727,1,3.7,0.273,3.7,7.1,10.8,1,0.3,2,1.3,5.7,11.8
18,Ibou Badji,C,21,POR,17,1,199,2.2,3.4,0.632,0,0,NA,2.2,3.4,0.632,0.9,1.8,0.5,3.4,5.2,8.7,2.4,0.4,3.6,2.5,7.2,5.2
19,Marvin Bagley III,C,24,TOT,39,17,781,8.2,14.2,0.573,0.1,0.6,0.231,8,13.6,0.588,3.8,5.1,0.755,4.8,5.8,10.6,2.1,0.7,1.1,2.2,3.2,20.3
20,Amari Bailey,PG,19,CHO,3,0,15,4.8,16.8,0.286,0,7.2,0,4.8,9.6,0.5,2.4,4.8,0.5,4.8,0,4.8,2.4,0,0,2.4,0,12
21,Patrick Baldwin Jr.,SF,21,WAS,19,0,143,4.3,11.3,0.378,2.8,6.5,0.423,1.5,4.8,0.316,2,3,0.667,1.8,8.3,10.1,1.8,0.5,1,1.5,5.3,13.3
22,LaMelo Ball,PG,22,CHO,22,22,711,9.3,21.4,0.433,3.5,10,0.355,5.7,11.4,0.5,4.6,5.3,0.865,1.5,4.3,5.7,8.9,2,0.2,4.2,4,26.6
23,Mo Bamba,C,25,PHI,34,0,359,5.2,10.9,0.477,1.2,2.9,0.414,4,8,0.5,1.7,2.9,0.586,4.5,7.9,12.4,2.3,1.2,3.4,2.4,4.9,13.3
24,Paolo Banchero,PF,21,ORL,56,56,1957,8.4,18.2,0.459,1.6,4.4,0.367,6.8,13.9,0.487,5.2,7.3,0.704,1.2,5.9,7,5.4,1.1,0.5,3.1,2.1,23.5
25,Desmond Bane,SG,25,MEM,37,37,1277,9.3,19.6,0.474,3.5,9,0.384,5.8,10.6,0.551,3.4,3.9,0.864,1,3.8,4.8,5.5,1.1,0.6,2.8,3,25.5
26,Dalano Banton,PG,24,TOT,28,1,260,4.7,11.9,0.395,0.7,3.6,0.192,4,8.3,0.483,4,5.4,0.744,1.8,4.6,6.4,3.9,1.1,0.4,2.4,3.3,14.1
27,Dominick Barlow,PF,20,SAS,23,1,307,4.7,9.9,0.476,0.4,0.8,0.429,4.3,9,0.481,2.6,4,0.647,3.9,6,9.9,3,1.1,1.4,0.6,3.9,12.3
28,Harrison Barnes,PF,31,SAC,55,55,1629,5.1,10.5,0.482,2.3,5.8,0.395,2.8,4.7,0.589,2.2,2.7,0.815,1,2.6,3.6,1.4,0.9,0.2,0.8,1.6,14.7
29,Scottie Barnes,SG,22,TOR,57,57,2002,7.7,16.1,0.476,1.8,5.1,0.35,5.9,11,0.534,3.4,4.4,0.782,2.4,6,8.4,6.1,1.3,1.5,2.8,2,20.5
30,RJ Barrett,SG,23,TOT,46,46,1435,8,17,0.473,1.8,5.1,0.346,6.2,11.8,0.529,4.1,5.6,0.74,1.1,5.1,6.2,3.4,0.6,0.4,2.2,2.5,22
31,Charles Bassey,C,23,SAS,19,0,205,5.1,7,0.725,0,0.2,0,5.1,6.8,0.744,0.9,1.1,0.833,4,9.3,13.3,3.7,1.4,3,2.6,5.4,11.1
32,Emoni Bates,SF,20,CLE,10,0,76,2.8,11.8,0.24,2.4,9.5,0.25,0.5,2.4,0.2,0.5,0.9,0.5,0.5,4.3,4.7,2.8,0.5,0.9,0.5,2.4,8.5
33,Keita Bates-Diop,SF,28,TOT,42,8,617,4,9,0.439,1.2,3.8,0.323,2.7,5.3,0.522,1.5,2.1,0.722,1.8,4.3,6,2,1.3,1.2,0.8,1.9,10.7
34,Nicolas Batum,PF,35,TOT,36,28,864,2.9,5.6,0.519,1.8,4,0.454,1.1,1.6,0.684,0.4,0.6,0.643,1.7,3.8,5.6,3.3,1,1,0.9,3,8
35,Darius Bazley,PF,23,PHI,1,0,1,0,0,NA,0,0,NA,0,0,NA,0,0,NA,0,0,0,0,0,0,36,0,0
36,Bradley Beal,SG,30,PHO,30,30,979,7.9,15.9,0.495,1.8,5,0.363,6.1,10.9,0.556,2.5,3.3,0.775,0.9,3.8,4.7,5,1,0.3,2.7,2.9,20.1
37,Malik Beasley,SG,27,MIL,55,55,1627,5,10.8,0.467,3.5,8,0.444,1.5,2.8,0.532,0.4,0.6,0.64,0.8,3.9,4.7,1.7,1,0.1,0.8,2.5,13.9
38,MarJon Beauchamp,SF,23,MIL,40,1,567,4.5,9.5,0.477,1.7,4.4,0.391,2.8,5.1,0.55,1.2,1.8,0.679,1.4,4.4,5.8,1.8,0.8,0.4,1.7,3.2,11.9
39,Jules Bernard,SG,24,WAS,6,0,28,3.9,15.4,0.25,1.3,10.3,0.125,2.6,5.1,0.5,0,0,NA,2.6,3.9,6.4,6.4,1.3,1.3,2.6,5.1,9
40,Dāvis Bertāns,PF,31,TOT,19,0,134,4.8,11.8,0.409,4.8,11.3,0.429,0,0.5,0,3.8,4,0.933,0.5,3,3.5,3,1.3,0.8,0.3,4,18.3
41,Patrick Beverley,PG,35,TOT,52,5,993,4,9.5,0.425,1.4,4.3,0.328,2.6,5.1,0.507,1.9,2.4,0.8,1.2,4.4,5.7,5.7,1,0.7,2,3.4,11.3
42,Saddiq Bey,SF,24,ATL,55,43,1791,5.1,12.1,0.422,2,6.3,0.322,3.1,5.8,0.529,2.9,3.5,0.831,3,4.3,7.3,1.6,0.9,0.2,0.9,1.6,15.1
43,Goga Bitadze,C,24,ORL,46,31,836,4.8,7.8,0.619,0.1,0.4,0.2,4.7,7.4,0.643,2,3.1,0.662,4.2,6.8,10.9,2.9,1.2,2.7,1.4,4.1,11.8
44,Onuralp Bitim,SG,24,CHI,2,0,6,0,12,0,0,6,0,0,6,0,0,0,NA,0,0,0,0,0,0,0,0,0
45,Bismack Biyombo,C,31,TOT,31,27,726,3.3,5.9,0.563,0,0,NA,3.3,5.9,0.563,1.1,2.3,0.478,2.8,6.7,9.5,2.5,0.5,1.7,1.9,4.1,7.7
46,Anthony Black,PG,20,ORL,51,30,930,3.6,7.4,0.484,1,2.6,0.373,2.6,4.8,0.545,1.7,2.5,0.662,1,3.2,4.3,3.1,1,0.7,1.7,3.8,9.8
47,Leaky Black,SF,24,CHO,22,3,218,2.8,6.4,0.436,1.2,2.5,0.467,1.7,4,0.417,1.5,2.3,0.643,1.3,5,6.3,3,0.8,1,0.8,2.5,8.3
48,Bogdan Bogdanović,SG,31,ATL,54,8,1563,7.5,17.5,0.429,3.9,10.5,0.37,3.6,7,0.516,2.1,2.3,0.911,0.7,3.3,4.1,3.5,1.6,0.3,1.5,2.9,21
49,Bojan Bogdanović,PF-SF,34,TOT,31,27,1001,7.8,16.6,0.471,3.4,8.1,0.424,4.4,8.5,0.515,3,4,0.757,0.5,3.2,3.7,2.6,1,0.2,2.3,2.3,22
50,Bol Bol,PF,24,PHO,19,0,184,8.2,12.3,0.667,1.2,2.9,0.4,7,9.4,0.75,1.2,1.6,0.75,3.5,8.6,12.1,1.8,1,2.3,2,4.1,18.8
51,Marques Bolden,C,25,MIL,2,0,3,0,0,NA,0,0,NA,0,0,NA,0,0,NA,0,24,24,0,0,0,0,12,0
52,Devin Booker,PG,27,PHO,47,47,1672,9.7,19.6,0.497,2.2,5.8,0.373,7.6,13.7,0.55,6.3,7.2,0.874,0.7,4,4.7,7,0.9,0.4,2.6,3,27.9
53,Brandon Boston Jr.,SF,22,LAC,17,0,123,7,17.6,0.4,1.8,5.9,0.3,5.3,11.7,0.45,3.2,3.5,0.917,2,2.3,4.4,1.5,0.6,0.6,2,4.7,19
54,Chris Boucher,PF,31,TOR,47,0,645,5.6,11.4,0.49,1.6,5,0.322,4,6.4,0.623,3.6,4.7,0.753,3.1,7.4,10.5,1.1,0.8,1.2,1.2,3.5,16.4
55,James Bouknight,SG,23,CHO,14,0,81,8,18.2,0.439,5.8,13.3,0.433,2.2,4.9,0.455,0.4,0.9,0.5,0.4,3.6,4,2.7,0.4,0.4,0.9,1.3,22.2
56,Jamaree Bouyea,PG,24,POR,6,0,57,3.2,13.3,0.238,0,5.1,0,3.2,8.2,0.385,0,0,NA,1.3,5.1,6.3,5.1,0,0,5.1,1.9,6.3
57,Malaki Branham,PG,20,SAS,52,21,1047,5.9,13.9,0.424,1.8,5.6,0.321,4.1,8.3,0.494,1,1.1,0.938,0.7,2.9,3.5,3.9,0.7,0.2,2,2.1,14.6
58,Christian Braun,SG,22,DEN,57,0,1089,4.8,10.8,0.439,1.2,3.4,0.356,3.5,7.4,0.478,2.4,3.4,0.716,1.6,5.1,6.7,2.7,0.8,0.7,1.3,2.9,13.2
59,Mikal Bridges,SF,27,BRK,55,55,1935,7.8,17.2,0.452,2.6,7.1,0.372,5.2,10.1,0.508,3.9,4.7,0.827,0.8,4.1,4.9,3.7,1,0.4,2.3,1.6,22.2
60,Miles Bridges,SF,25,CHO,45,43,1674,8,17.1,0.464,2.4,6.4,0.378,5.5,10.8,0.515,2.6,3,0.85,0.9,6.2,7.1,3.3,1,0.5,1.9,1.8,20.9
61,Oshae Brissett,SF,25,BOS,37,0,401,4.1,9,0.46,1.1,3.7,0.293,3.1,5.3,0.576,3.1,4.7,0.673,3.2,5.9,9.2,2.6,1.3,0.2,1,3.3,12.5
62,Malcolm Brogdon,PG,31,POR,39,25,1121,7,15.9,0.44,2.6,6.4,0.412,4.4,9.5,0.458,3.1,3.7,0.819,0.9,3.9,4.8,6.9,0.9,0.3,1.9,1.9,19.7
63,Armoni Brooks,PG,25,BRK,10,0,104,5.2,15.9,0.326,3.8,11.1,0.344,1.4,4.8,0.286,0.3,0.7,0.5,2.4,3.8,6.2,1.7,0.3,0.3,1,1,14.5
64,Dillon Brooks,SF,28,HOU,47,47,1467,5.7,12.8,0.443,2.3,5.8,0.394,3.4,7,0.484,2.3,2.7,0.847,0.9,3.1,4,1.9,1.1,0.1,1.6,4.2,15.9
65,Bruce Brown,SG-PG,27,TOT,49,38,1402,5.4,11.4,0.471,1.1,3.4,0.316,4.3,8,0.537,2.3,2.7,0.857,1,4.6,5.6,3.5,1.2,0.4,1.4,2.9,14.1
66,Charlie Brown Jr.,SG,26,NYK,6,0,33,2.2,9.8,0.222,2.2,6.5,0.333,0,3.3,0,0,0,NA,1.1,1.1,2.2,0,0,2.2,2.2,5.5,6.5
67,Greg Brown III,PF,22,DAL,6,0,40,4.5,9.9,0.455,0.9,2.7,0.333,3.6,7.2,0.5,3.6,8.1,0.444,2.7,5.4,8.1,3.6,0,3.6,3.6,4.5,13.5
68,Jaylen Brown,SF,27,BOS,51,51,1703,9.2,18.5,0.494,2.1,6.1,0.346,7,12.4,0.566,3.3,4.5,0.716,1.2,4.7,5.9,4.1,1.2,0.6,2.7,2.9,23.7
69,Kendall Brown,SG,20,IND,5,0,20,5.4,10.8,0.5,0,1.8,0,5.4,9,0.6,7.2,10.8,0.667,3.6,0,3.6,3.6,0,0,0,7.2,18
70,Kobe Brown,PF,24,LAC,32,0,279,3,8,0.371,1.5,5,0.308,1.4,3,0.478,0.1,0.3,0.5,1.3,4.4,5.7,2.2,0.8,0.4,0.9,5.2,7.6
71,Moses Brown,C,24,POR,9,4,82,4,9.2,0.429,0,0,NA,4,9.2,0.429,0,1.8,0,7.9,12.3,20.2,0.9,0.9,1.3,1.8,4.8,7.9
72,Troy Brown Jr.,SF,24,TOT,41,3,471,4.6,10.5,0.435,2.7,7.3,0.365,1.9,3.2,0.595,1.6,1.8,0.875,1.1,5.4,6.5,3.1,0.7,0.2,1.5,2.3,13.5
73,Jalen Brunson,PG,27,NYK,53,53,1904,9.8,20.4,0.479,2.6,6.5,0.406,7.1,13.9,0.513,5.4,6.4,0.84,0.6,3.2,3.8,6.6,0.9,0.2,2.5,2,27.5
74,Thomas Bryant,C,26,MIA,25,3,259,6.1,10.7,0.571,0,0.6,0,6.1,10.1,0.603,2.5,3.1,0.818,3.5,7.2,10.7,2.1,0.8,0.7,2.1,3.6,14.7
75,Kobe Bufkin,SG,20,ATL,5,0,25,4.3,14.4,0.3,2.9,10.1,0.286,1.4,4.3,0.333,1.4,2.9,0.5,2.9,5.8,8.6,1.4,0,0,1.4,1.4,13
76,Reggie Bullock,SF,32,HOU,23,0,216,3.5,8.3,0.42,2.7,6.5,0.41,0.8,1.8,0.455,0.2,0.2,1,0.5,5,5.5,1.7,0.7,0.3,0.8,2,9.8
77,Alec Burks,SG,32,TOT,47,1,983,6.4,16.4,0.39,4,9.9,0.401,2.5,6.6,0.372,4.7,5.3,0.89,0.7,3.6,4.3,2.6,0.8,0.4,1.4,2.5,21.5
78,Jared Butler,SG,23,WAS,19,0,140,7.7,13.6,0.566,2.6,6.2,0.417,5.1,7.5,0.69,3.1,3.9,0.8,0,3.1,3.1,8.2,2.1,0.5,2.8,3.9,21.1
79,Jimmy Butler,PF,34,MIA,38,38,1281,7.2,14.3,0.502,1.1,2.4,0.447,6.1,11.9,0.513,7.5,8.7,0.861,2.2,3.8,5.9,4.9,1.5,0.3,1.9,1.1,22.9
80,Jamal Cain,PF,24,MIA,16,1,225,4.6,11,0.42,1.3,4.2,0.308,3.4,6.9,0.488,2.9,3.7,0.783,2.1,3,5.1,0.6,1.6,0.6,0.8,2.7,13.4
81,Kentavious Caldwell-Pope,SG,30,DEN,52,52,1644,3.9,8.8,0.436,1.6,4.3,0.372,2.3,4.6,0.495,1.9,2.1,0.915,0.5,2.2,2.7,2.6,1.5,0.5,1.1,2.1,11.2
82,Toumani Camara,PF,23,POR,54,34,1277,4,9.2,0.436,1.1,3.7,0.305,2.9,5.5,0.523,1.6,2.1,0.724,2.8,4.5,7.3,1.6,1.5,0.7,1.8,3.8,10.7
83,Clint Capela,C,29,ATL,48,48,1228,6.7,11.7,0.571,0,0,NA,6.7,11.7,0.571,2.6,4,0.652,6.7,8.1,14.7,1.4,0.8,2.1,1.2,3.4,15.9
84,Jevon Carter,PG,28,CHI,53,0,722,5.1,13.8,0.372,3,8.9,0.335,2.1,4.9,0.439,0.1,0.2,0.6,0.2,1.7,2,3.1,1.3,0.6,1.4,2.8,13.4
85,Wendell Carter Jr.,C,24,ORL,30,24,783,5.8,10.7,0.541,1.6,3.9,0.412,4.2,6.8,0.615,2.6,3.5,0.727,2.3,6.4,8.7,2.2,0.6,0.6,1.6,3.3,15.8
86,D.J. Carton,SG,23,TOR,1,0,4,9,9,1,0,0,NA,9,9,1,9,9,1,0,9,9,0,0,0,0,18,27
87,Alex Caruso,SG,29,CHI,48,35,1303,4.6,9.5,0.484,2.3,5.7,0.403,2.3,3.8,0.606,1.6,2,0.781,1.3,3.8,5,3.8,1.8,1.5,1.9,3.4,13
88,Colin Castleton,C,23,LAL,7,0,36,7,10,0.7,0,0,NA,7,10,0.7,4,4,1,4,5,9,3,0,0,1,7,18
89,Malcolm Cazalon,SG,22,DET,1,0,3,0,0,NA,0,0,NA,0,0,NA,0,0,NA,0,0,0,0,0,0,0,0,0
90,Julian Champagnie,SF,22,SAS,50,35,836,4.1,10.3,0.402,2.7,7.4,0.368,1.4,2.9,0.485,1.7,2.1,0.796,1.2,4.2,5.4,2.5,1.2,1.1,1.3,2.3,12.7
91,Justin Champagnie,SF,22,WAS,2,0,10,18,25.2,0.714,3.6,10.8,0.333,14.4,14.4,1,0,0,NA,0,0,0,0,3.6,0,3.6,0,39.6
92,Max Christie,SG,20,LAL,45,7,782,3.8,8.9,0.423,1.5,4.4,0.347,2.3,4.6,0.495,1.5,1.9,0.78,0.6,4.9,5.4,2.3,0.8,0.7,1.4,2.4,10.5
93,Sidy Cissoko,SF,19,SAS,5,0,32,1.1,6.8,0.167,0,4.5,0,1.1,2.3,0.5,4.5,4.5,1,0,6.8,6.8,0,3.4,0,1.1,2.3,6.8
94,Jordan Clarkson,SG,31,UTA,47,19,1421,7.3,17.6,0.414,2,6.7,0.294,5.3,10.8,0.488,4,4.5,0.877,1.1,3,4.1,5.8,0.7,0.2,3.3,1.7,20.5
95,Nic Claxton,C,24,BRK,45,45,1326,6.5,10.3,0.625,0,0.1,0.25,6.4,10.2,0.629,1.8,3.1,0.57,3.5,8.9,12.4,2.3,0.8,2.7,1.4,3.1,14.7
96,Noah Clowney,PF,19,BRK,7,0,69,5.7,9.4,0.611,0.5,2.1,0.25,5.2,7.3,0.714,3.1,3.1,1,3.1,3.7,6.8,3.1,0,0.5,1.6,2.6,15.1
97,Amir Coffey,SF,26,LAC,43,8,789,4.3,8,0.54,1.7,4,0.425,2.6,4.1,0.652,1.9,2.1,0.894,0.7,2.6,3.3,1.6,1,0.3,0.8,2.6,12.3
98,John Collins,PF,26,UTA,53,51,1478,7.3,14,0.521,1.5,4.4,0.337,5.8,9.6,0.606,2.3,3,0.78,3,7.8,10.9,1.5,0.7,1.1,1.8,3.6,18.4
99,Zach Collins,C,26,SAS,45,24,1073,6.6,13.8,0.478,1.3,4.6,0.277,5.3,9.2,0.579,2.7,3.5,0.777,2.6,5.5,8.2,4.6,0.8,1,3,4.8,17.1
100,Mike Conley,PG,36,MIN,51,51,1474,4.4,9.9,0.445,2.8,6.4,0.443,1.6,3.5,0.448,1.5,1.6,0.923,0.5,3.1,3.6,7.9,1.3,0.3,1.4,2.1,13.1
101,Pat Connaughton,SF,31,MIL,51,2,1086,3.2,6.9,0.459,1.9,4.9,0.388,1.3,2.1,0.629,0.7,1,0.69,1.1,4.5,5.6,3.2,0.9,0.4,1.1,2.1,8.9
102,Bilal Coulibaly,SF,19,WAS,55,7,1488,4,9,0.441,1.3,3.7,0.357,2.6,5.3,0.5,1.8,2.6,0.685,1.2,4.2,5.4,2.3,1.2,1,1.9,2.8,11.1
103,Ricky Council IV,SG,22,PHI,16,0,149,7,15,0.468,1,3.9,0.25,6,11.1,0.543,8.7,11.6,0.75,2.7,5.1,7.7,1.2,0.5,0,0.5,1.9,23.7
104,Robert Covington,SF-PF,33,TOT,29,6,488,3.2,7.2,0.439,1.4,4.1,0.339,1.8,3.1,0.571,1.6,1.9,0.846,2.3,4.9,7.2,1.8,2.9,1.3,0.8,4.1,9.4
105,Torrey Craig,SF,33,CHI,33,8,694,3.7,8.7,0.425,1.9,5.1,0.374,1.8,3.5,0.5,1.1,1.4,0.778,2.9,5.2,8.1,1.9,1,0.8,1,3.9,10.4
106,Jae Crowder,PF,33,MIL,26,10,652,3.5,8.1,0.432,1.9,5.2,0.358,1.6,2.8,0.569,0.9,1.3,0.667,0.6,4.3,4.9,2.2,1.2,0.3,0.8,2.4,9.7
107,Cade Cunningham,PG,22,DET,45,45,1526,8.8,19.6,0.451,1.9,5.5,0.339,7,14.1,0.494,4,4.6,0.857,0.4,3.9,4.3,7.9,1,0.4,3.8,2.9,23.5
108,Seth Curry,SG,33,TOT,41,3,557,4.7,11.8,0.393,2.2,6.4,0.343,2.5,5.4,0.452,1.4,1.6,0.88,1.1,2.8,3.9,2.4,1.3,0.3,1.2,2.2,12.9
109,Stephen Curry,PG,35,GSW,52,52,1736,9.8,21.3,0.462,5.4,12.9,0.419,4.4,8.4,0.527,5,5.4,0.923,0.5,4.1,4.6,5.5,0.9,0.4,3.3,1.9,30
110,Dyson Daniels,PG,20,NOP,52,15,1139,3.5,8.1,0.438,1,3.5,0.291,2.5,4.6,0.548,1,1.6,0.64,1.6,4.4,6,4.3,2.3,0.7,1.6,2.7,9.1
111,Anthony Davis,C,30,LAL,54,54,1920,9.6,17.3,0.556,0.4,1.3,0.271,9.3,16,0.579,5.7,7,0.81,3.1,9.3,12.4,3.8,1.1,2.5,2.1,2.4,25.3
112,Johnny Davis,SG,21,WAS,25,0,218,4.3,11.7,0.366,0.3,1.7,0.2,4,10.1,0.393,0.7,1.5,0.444,1.8,3.3,5.1,1.5,1.5,0.3,1.2,3,9.6
113,JD Davison,SG,21,BOS,2,0,6,0,6,0,0,6,0,0,0,NA,12,12,1,6,6,12,0,0,0,0,0,12
114,Dexter Dennis,SG,24,DAL,4,0,30,12,22.8,0.526,1.2,9.6,0.125,10.8,13.2,0.818,1.2,3.6,0.333,1.2,9.6,10.8,4.8,0,1.2,3.6,1.2,26.4
115,DeMar DeRozan,SF,34,CHI,54,54,2032,7.5,15.9,0.47,0.9,2.7,0.333,6.6,13.2,0.498,5.8,6.8,0.854,0.6,3.3,3.9,5,1.1,0.6,1.5,2.1,21.6
116,Moussa Diabaté,C,22,LAC,10,0,58,5.6,11.2,0.5,0,0,NA,5.6,11.2,0.5,5.6,7.4,0.75,8.7,3.7,12.4,2.5,2.5,0,1.2,2.5,16.8
117,Mamadi Diakite,PF,27,SAS,3,0,16,9,11.3,0.8,0,0,NA,9,11.3,0.8,9,13.5,0.667,2.3,4.5,6.8,4.5,0,2.3,0,2.3,27
118,Hamidou Diallo,SG,25,WAS,2,0,5,7.2,14.4,0.5,0,0,NA,7.2,14.4,0.5,0,0,NA,14.4,0,14.4,7.2,14.4,0,7.2,7.2,14.4
119,Gradey Dick,SG,20,TOR,36,1,558,4.8,11.5,0.421,2.5,6.8,0.358,2.4,4.6,0.514,1.5,1.6,0.92,1,3,4,2.6,1.2,0,1.4,3.1,13.6
120,Ousmane Dieng,PF,20,OKC,29,0,326,4.7,11.2,0.426,2.2,7.1,0.313,2.5,4.1,0.622,1.5,1.8,0.875,1.1,4.3,5.4,3.4,0.6,0.3,1.8,2.1,13.3
121,Spencer Dinwiddie,PG,30,TOT,52,48,1575,4.6,12,0.388,2.1,6.7,0.316,2.5,5.3,0.478,2.9,3.7,0.784,0.6,3.1,3.7,6.9,1,0.2,1.5,2.2,14.3
122,Donte DiVincenzo,SG,27,NYK,55,37,1382,7,15.2,0.456,4.4,10.6,0.414,2.6,4.7,0.553,1.3,1.8,0.729,1,3.6,4.7,3.5,1.7,0.5,1.7,2.8,19.6
123,Luka Dončić,PG,24,DAL,48,48,1799,11.1,22.6,0.492,3.7,9.9,0.379,7.4,12.7,0.581,7,8.9,0.78,0.7,7.8,8.5,9.2,1.4,0.6,3.8,1.9,33
124,Luguentz Dort,SF,24,OKC,54,54,1535,4.6,10.4,0.445,2.4,6.1,0.398,2.2,4.3,0.511,1.9,2.4,0.814,1.4,3.4,4.8,1.7,1.1,0.9,1.1,3.8,13.6
125,Ayo Dosunmu,SG,24,CHI,54,15,1389,5.6,11.1,0.502,1.9,4.7,0.414,3.6,6.4,0.567,1.2,1.6,0.767,0.9,2.7,3.7,3.4,1.1,0.6,1.6,2.9,14.3
126,Andre Drummond,C,30,CHI,56,9,936,7.2,12.9,0.555,0,0.1,0,7.2,12.8,0.56,3.2,5.7,0.561,7.3,11.3,18.6,1.1,2.3,1.4,2.3,3.7,17.5
127,Chris Duarte,SF,26,SAC,38,11,492,3.6,9.7,0.371,1.8,5.4,0.338,1.8,4.2,0.414,1.5,1.9,0.769,1.2,4,5.1,2.4,1.3,0.1,1.5,4.6,10.5
128,Kris Dunn,PG,29,UTA,49,27,889,4.5,9.3,0.48,1.3,3.2,0.4,3.2,6,0.523,0.6,0.9,0.696,1.5,4.3,5.8,8.2,2,0.9,2.5,3.8,10.9
129,Kevin Durant,PF,35,PHO,50,50,1853,9.9,18.6,0.533,2.2,5,0.429,7.8,13.5,0.572,5.3,6.2,0.861,0.5,6,6.5,5.5,0.9,1.3,3.1,1.8,27.3
130,Jalen Duren,C,20,DET,40,39,1202,7.3,11.6,0.631,0,0.1,0,7.3,11.5,0.636,2.1,2.8,0.745,4,10.4,14.4,3,0.5,0.9,2.4,3.9,16.8
131,Tari Eason,PF,22,HOU,22,0,480,6.6,14.2,0.466,1.4,3.7,0.36,5.2,10.4,0.504,1.6,2.5,0.636,3.4,8,11.5,2,2.3,1.4,1.5,3.8,16.1
132,Anthony Edwards,SG,22,MIN,53,53,1856,9.4,20,0.468,2.7,7,0.384,6.7,13.1,0.513,5.6,6.7,0.838,0.6,4.9,5.5,5.4,1.2,0.5,3.3,2,27
133,Kessler Edwards,SF,23,SAC,37,0,178,4.2,10.3,0.412,2.4,6.7,0.364,1.8,3.6,0.5,0.6,0.8,0.75,1,4.7,5.7,1.8,0.8,0.8,0.2,3.4,11.5
134,Keon Ellis,SG,24,SAC,33,3,379,3.6,8.5,0.422,2.6,6.9,0.37,1,1.6,0.647,1,1.6,0.647,0.9,3,3.9,3.6,1.3,1.2,1.6,4.4,10.8
135,Joel Embiid,C,29,PHI,34,34,1157,12.5,23.5,0.533,1.3,3.5,0.366,11.2,20,0.562,11.1,12.5,0.883,2.8,9.2,11.9,6,1.2,1.9,3.9,3,37.4
136,Drew Eubanks,C,26,PHO,51,4,816,5.1,8.1,0.625,0.1,0.1,1,4.9,8,0.619,2.3,3.2,0.736,3,6.6,9.6,2.1,0.9,1.9,2.2,3.7,12.6
137,Tosan Evbuomwan,SF,22,TOT,5,0,82,2.6,7.5,0.353,1.3,4,0.333,1.3,3.5,0.375,0,0,NA,3.5,3.5,7,2.6,0.4,0.4,0.4,2.6,6.6
138,Dante Exum,PG,28,DAL,32,14,631,6.6,11.6,0.571,1.8,3.7,0.477,4.8,7.9,0.616,1.8,2.5,0.727,1,4.1,5.1,5.2,1,0.3,1.5,2.9,16.8
139,Bruno Fernando,C,25,ATL,19,1,172,6.7,12.3,0.542,0,0.6,0,6.7,11.7,0.571,4.2,7.1,0.588,4.2,8.4,12.6,1.5,0.8,2.1,1.9,5.4,17.6
140,Dorian Finney-Smith,PF,30,BRK,46,35,1279,4.1,9.9,0.408,2.5,6.8,0.375,1.5,3.2,0.478,0.5,0.7,0.654,2.1,3.8,5.9,1.8,1,0.8,1,3,11.1
141,Adam Flagler,SG,24,OKC,1,0,6,0,18,0,0,18,0,0,0,NA,0,0,NA,0,0,0,6,0,0,0,0,0
142,Malachi Flynn,PG,25,TOT,48,0,555,4.3,11,0.396,2.1,6.2,0.344,2.2,4.7,0.466,1.7,2.1,0.788,0.8,4,4.8,5.3,1.4,0.4,2.5,3.1,12.5
143,Simone Fontecchio,SF,28,TOT,54,37,1272,5.2,11.6,0.451,2.8,7.3,0.386,2.4,4.3,0.563,1,1.3,0.778,1.6,3.8,5.4,2.2,0.9,0.5,1.5,2.5,14.3
144,Jordan Ford,PG,25,SAC,6,0,22,6.5,11.5,0.571,3.3,4.9,0.667,3.3,6.5,0.5,3.3,3.3,1,0,3.3,3.3,3.3,0,0,1.6,0,19.6
145,Trent Forrest,SG,25,ATL,20,0,210,2.6,8.1,0.319,0.3,1.2,0.286,2.2,6.9,0.325,1.4,1.7,0.8,0.9,3.6,4.5,7.2,1.2,0.2,1.9,3.1,6.9
146,Evan Fournier,SG,31,TOT,6,0,107,5,15.1,0.333,3,10.4,0.29,2,4.7,0.429,2,2.7,0.75,0.7,4.7,5.4,1.7,2.4,0.3,2.4,3.4,15.1
147,De'Aaron Fox,PG,26,SAC,49,49,1746,9.8,20.8,0.468,2.9,7.9,0.375,6.8,13,0.524,4.6,6.5,0.703,0.9,3.3,4.2,5.6,1.9,0.4,2.6,2.6,27.1
148,Javon Freeman-Liberty,PG,24,TOR,2,0,4,9,27,0.333,0,0,NA,9,27,0.333,0,0,NA,9,0,9,0,0,0,0,0,18
149,Alex Fudge,SF,20,LAL,4,0,14,2.6,15.4,0.167,0,5.1,0,2.6,10.3,0.25,5.1,5.1,1,5.1,0,5.1,0,0,0,2.6,2.6,10.3
150,Markelle Fultz,PG,25,ORL,21,15,504,5.9,12.1,0.491,0.1,0.5,0.143,5.9,11.6,0.506,0.6,1.1,0.563,2.1,3.2,5.3,5.5,2,0.5,1.7,2.5,12.6
151,Daniel Gafford,C-PF,25,TOT,49,47,1273,6.3,9.2,0.681,0,0,NA,6.3,9.2,0.681,2.7,3.7,0.72,4.1,7.2,11.4,2.1,1.3,3,1.4,4.4,15.2
152,Danilo Gallinari,PF-SF,35,TOT,33,0,480,5.2,11.5,0.448,2,5.7,0.355,3.2,5.9,0.538,5.1,6,0.85,1.1,5.7,6.8,3.2,0.7,0.4,1,2.8,17.5
153,Darius Garland,PG,24,CLE,31,31,998,7.4,15.8,0.471,1.9,5.6,0.34,5.5,10.1,0.544,3.6,4.3,0.856,0.5,2.1,2.6,6.9,1.6,0.1,3.6,1.5,20.4
154,Usman Garuba,PF,21,GSW,2,0,6,0,6,0,0,0,NA,0,6,0,0,0,NA,0,0,0,6,6,0,0,6,0
155,Luka Garza,C,25,MIN,13,0,39,10.2,23.1,0.44,2.8,8.3,0.333,7.4,14.8,0.5,7.4,11.1,0.667,5.5,4.6,10.2,1.8,0,0,1.8,10.2,30.5
156,Kaiser Gates,SF,27,NOP,1,0,7,0,20.6,0,0,10.3,0,0,10.3,0,0,0,NA,0,5.1,5.1,0,0,0,0,0,0
157,Keyonte George,PG,20,UTA,51,20,1277,5.4,13.8,0.394,2.7,7.8,0.345,2.7,6,0.458,3.3,4,0.818,0.4,3.7,4.1,6.2,0.7,0.1,2.9,1.7,16.9
158,Paul George,PF,33,LAC,52,52,1758,8.3,18.2,0.456,3.5,8.8,0.395,4.8,9.4,0.512,3.5,3.9,0.905,0.6,5.1,5.7,3.9,1.7,0.4,2.2,3.1,23.6
159,Taj Gibson,PF,38,NYK,16,1,165,1.5,5,0.304,0,1.3,0,1.5,3.7,0.412,0.4,0.4,1,2.2,3.9,6.1,2,0.4,1.3,1.1,6.1,3.5
160,Josh Giddey,SG,21,OKC,55,55,1365,6.7,15,0.449,1.4,4.3,0.327,5.3,10.7,0.498,1.8,2.2,0.829,2,6.9,8.9,6.4,0.9,0.8,2.9,1.7,16.6
161,Harry Giles,C,25,BRK,16,0,81,9.8,19.6,0.5,1.3,4.9,0.273,8.4,14.7,0.576,3.1,5.8,0.538,5.3,6.2,11.6,2.7,0.4,1.3,2.7,6.7,24
162,Shai Gilgeous-Alexander,PG,25,OKC,55,55,1895,11.4,20.9,0.548,1.3,3.5,0.375,10.1,17.4,0.583,8.3,9.4,0.883,0.9,4.9,5.8,6.9,2.2,0.9,2.2,2.6,32.5
163,Anthony Gill,PF,31,WAS,31,0,173,4.8,10.4,0.46,0.6,2.7,0.231,4.2,7.7,0.541,3.1,4.2,0.75,2.9,5.2,8.1,2.9,1.5,1.2,3.1,2.5,13.3
164,Collin Gillespie,PG,24,DEN,19,0,161,5.1,10.1,0.511,2.5,5.4,0.458,2.7,4.7,0.571,1.1,1.8,0.625,0.2,2.5,2.7,3.6,2.2,0,2.2,4,13.9
165,Jacob Gilyard,PG,25,MEM,37,14,654,3.3,7.9,0.417,2.8,6.6,0.425,0.5,1.3,0.375,0.1,0.1,1,0.4,1.9,2.4,7.2,1.5,0.3,1.6,1.9,9.5
166,Rudy Gobert,C,31,MIN,55,55,1840,5.6,8.6,0.649,0,0,0,5.6,8.6,0.651,3.6,5.5,0.643,3.9,9.7,13.6,1.3,0.6,2.2,1.6,3.3,14.8
167,Jordan Goodwin,PG,25,TOT,42,1,611,4.9,12.5,0.394,1.5,5,0.294,3.5,7.5,0.461,1.5,1.9,0.788,2.5,4.9,7.5,4.9,1.5,0.6,1.8,2.7,12.9
168,Aaron Gordon,PF,28,DEN,51,51,1605,6.2,11.3,0.549,0.7,2.1,0.305,5.6,9.2,0.605,2.7,4.2,0.64,2.8,4.7,7.4,3.6,0.9,0.8,1.7,2.1,15.7
169,Eric Gordon,SG,35,PHO,49,24,1460,5.5,12,0.457,3,7.7,0.389,2.5,4.4,0.576,1.1,1.3,0.815,0.3,2.2,2.5,2.7,1.2,0.6,1.5,1.5,15.1
170,Devonte' Graham,PG,28,SAS,12,0,99,4,10.9,0.367,2.5,8,0.318,1.5,2.9,0.5,2.2,2.9,0.75,0.7,5.1,5.8,6.9,1.1,0.4,1.1,1.5,12.7
171,Jerami Grant,PF,29,POR,48,48,1634,7.8,17.1,0.456,2.2,5.5,0.406,5.6,11.6,0.479,5.2,6.4,0.808,0.8,3.1,3.9,2.8,0.8,0.7,2.2,2.4,23
172,A.J. Green,SG,24,MIL,36,0,335,5.6,13,0.43,4.7,11.4,0.415,0.9,1.6,0.533,0.9,0.9,1,0.6,3.4,4.1,2.3,0.3,0.2,0.4,3.7,16.8
173,Danny Green,SG,36,PHI,2,0,18,0,4,0,0,2,0,0,2,0,0,0,NA,0,4,4,2,2,0,0,2,0
174,Draymond Green,PF,33,GSW,31,28,823,4.9,9.7,0.507,1.5,3.5,0.438,3.4,6.2,0.546,1.5,2,0.761,1.7,7.6,9.3,8.1,1.1,1.3,3.1,4.2,12.9
175,Jalen Green,SG,21,HOU,56,56,1698,7.3,17.9,0.407,2.4,7.8,0.309,4.9,10.1,0.483,4.2,5.2,0.801,0.5,5.2,5.7,4,0.8,0.4,2.6,1.5,21.1
176,Jeff Green,PF,37,HOU,54,5,905,4.3,9.1,0.476,1,3.2,0.309,3.3,5.9,0.568,3.9,4.7,0.829,1.3,3.5,4.8,1.8,0.4,0.9,1.6,3.1,13.5
177,Josh Green,SG,23,DAL,43,26,1174,4.5,9.1,0.49,2,4.7,0.418,2.5,4.4,0.566,1,1.5,0.66,0.8,3.5,4.3,3.4,1,0.2,1.4,2.7,11.9
178,AJ Griffin,SF,20,ATL,18,0,132,3.5,12.3,0.289,2.5,9,0.273,1.1,3.3,0.333,0.5,0.5,1,0.5,3.3,3.8,1.1,0.3,0.3,1.6,1.6,10.1
179,Quentin Grimes,SG,23,NYK,45,18,910,4.5,11.3,0.395,3,8.4,0.363,1.4,2.9,0.486,0.9,1.3,0.706,0.6,2.9,3.5,2.1,1.2,0.1,0.8,2.6,12.9
180,Mouhamadou Gueye,PF,25,TOR,1,0,6,6,18,0.333,0,0,NA,6,18,0.333,0,0,NA,12,6,18,0,0,12,0,6,12
181,Mouhamed Gueye,PF,21,ATL,2,0,4,0,9,0,0,9,0,0,0,NA,0,0,NA,0,0,0,0,9,0,0,9,0
182,Rui Hachimura,PF,25,LAL,44,15,1082,6.7,13,0.515,1.9,4.6,0.406,4.9,8.5,0.575,2.3,3.1,0.723,1.2,4.4,5.6,1.6,1,0.5,1.1,2,17.6
183,Ashton Hagans,PG,24,POR,5,1,62,3.5,7.5,0.462,0,2.3,0,3.5,5.2,0.667,0.6,1.2,0.5,0,2.9,2.9,4.1,0.6,0.6,1.7,4.6,7.5
184,Tyrese Haliburton,PG,23,IND,44,43,1409,8.8,17.9,0.494,3.6,8.9,0.4,5.2,8.9,0.587,3.4,4,0.854,0.7,3.7,4.3,13.2,1.2,0.8,2.7,1.1,24.6
185,R.J. Hampton,PG,22,MIA,8,2,76,1.9,6.6,0.286,0.5,3.8,0.125,1.4,2.8,0.5,0.5,0.9,0.5,0.9,1.9,2.8,3.8,0,0,1.4,3.8,4.7
186,Tim Hardaway Jr.,SF,31,DAL,53,10,1577,7.1,17.2,0.414,3.8,10.5,0.36,3.4,6.8,0.497,2.8,3.2,0.871,0.4,4,4.4,2.1,0.7,0.1,1.2,1.9,20.8
187,James Harden,PG,34,LAC,50,50,1729,5.3,11.8,0.447,2.9,6.9,0.42,2.4,4.9,0.485,4.5,5.2,0.876,0.5,4.9,5.4,8.6,1.2,0.9,2.7,2,18
188,Jaden Hardy,SG,21,DAL,51,6,784,7,17.1,0.408,3.2,8.6,0.369,3.8,8.5,0.446,1.7,2.4,0.717,0.7,3.9,4.6,3.9,0.8,0.2,1.8,2.6,18.9
189,Ron Harper Jr.,PF,23,TOR,1,0,4,0,0,NA,0,0,NA,0,0,NA,0,0,NA,0,0,0,9,0,0,0,18,0
190,Gary Harris,SG,29,ORL,34,7,772,3.8,8.7,0.433,2,5.9,0.341,1.8,2.8,0.623,1.3,1.6,0.794,0.8,1.7,2.5,2.8,1.4,0.5,0.9,2.8,10.8
191,Joe Harris,SG,32,DET,16,0,170,3,8.3,0.359,2.1,6.4,0.333,0.8,1.9,0.444,0.2,0.4,0.5,0.6,2.1,2.8,2.1,0.6,0.4,0.8,4,8.3
192,Kevon Harris,SG,26,ORL,2,0,6,12,18,0.667,0,0,NA,12,18,0.667,0,0,NA,0,12,12,6,0,0,6,18,24
193,Tobias Harris,PF,31,PHI,50,50,1691,7.1,14.1,0.503,1.2,3.6,0.347,5.9,10.5,0.556,3.2,3.5,0.898,1.1,5.3,6.4,3.6,1.1,0.6,1.5,1.8,18.6
194,Shaquille Harrison,SG,30,MEM,3,0,6,6,12,0.5,0,0,NA,6,12,0.5,0,0,NA,0,12,12,0,0,6,0,0,12
195,Josh Hart,SF,28,NYK,55,16,1657,3.7,8.6,0.427,1.1,3.6,0.309,2.6,5.1,0.511,1.1,1.3,0.845,1.5,7,8.6,3.8,0.9,0.3,1.6,2.3,9.6
196,Isaiah Hartenstein,C,25,NYK,51,25,1291,4,6.4,0.619,0,0.1,0.333,4,6.4,0.623,2,2.8,0.707,4.8,7.4,12.2,2.8,1.6,1.5,1.6,4,10
197,Sam Hauser,SF,26,BOS,55,6,1177,4.7,10.5,0.448,3.8,9.1,0.416,0.9,1.5,0.646,0.5,0.5,0.882,1,4.5,5.6,1.6,0.7,0.4,0.8,2.1,13.6
198,Jordan Hawkins,SG,21,NOP,50,10,1009,5.6,14.3,0.391,3.5,9.4,0.371,2.1,4.9,0.428,2.3,2.7,0.853,1,3.8,4.7,2.2,0.6,0.2,1.3,2.3,17
199,Jaxson Hayes,C,23,LAL,47,3,533,5.1,7.3,0.694,0,0.5,0,5.1,6.8,0.743,1.9,3.2,0.596,2.6,5.1,7.7,1.5,1.6,1.3,1.5,5.4,12
200,Killian Hayes,PG,22,DET,42,31,1008,4.2,10.1,0.413,0.8,2.6,0.297,3.4,7.5,0.455,1.2,1.8,0.66,0.4,3.9,4.2,7.3,1.3,0.7,1.8,2.7,10.3
201,Gordon Hayward,SF,33,TOT,27,25,826,6.2,13.3,0.464,1,2.7,0.361,5.2,10.7,0.49,2.8,3.6,0.771,1.1,4.4,5.5,5.1,1.2,0.5,2.2,2,16.1
202,Scoot Henderson,PG,19,POR,43,16,1160,5.9,15.7,0.375,1.6,5.2,0.31,4.3,10.5,0.408,3.8,4.6,0.818,1.2,2.8,3.9,6.3,0.7,0.3,3.9,4,17.2
203,Taylor Hendricks,PF,20,UTA,18,1,276,4.4,11,0.405,2.1,6.7,0.314,2.3,4.3,0.545,0.9,1.2,0.778,2.6,5,7.6,1.2,1.4,1.2,2,2.7,11.9
204,Tyler Herro,SG,24,MIA,36,36,1209,8.4,19.3,0.437,3.5,8.7,0.399,4.9,10.6,0.468,2,2.4,0.835,0.5,5.2,5.7,4.7,0.9,0.1,2.3,1.5,22.3
205,Buddy Hield,SF-SG,31,TOT,58,34,1557,6.3,14,0.45,3.7,9.5,0.393,2.6,4.5,0.572,0.7,0.9,0.838,0.9,3.5,4.4,4.1,1.2,0.7,1.8,2.9,17.1
206,Haywood Highsmith,PF,27,MIA,41,24,867,3.6,8.5,0.426,1.9,5,0.372,1.7,3.4,0.506,0.9,1.1,0.808,1.5,3.4,4.9,1.8,1.6,0.9,1,3.4,10
207,Nate Hinton,SG,24,HOU,11,0,58,6.2,12.4,0.5,4.3,6.8,0.636,1.9,5.6,0.333,2.5,3.1,0.8,1.9,5.6,7.4,3.7,1.2,1.2,1.2,6.2,19.2
208,D'Moi Hodge,SG,25,LAL,7,0,41,4.4,13.2,0.333,2.6,10.5,0.25,1.8,2.6,0.667,0.9,1.8,0.5,0,0,0,4.4,0.9,0.9,0.9,3.5,12.3
209,Aaron Holiday,PG,27,HOU,53,1,931,5.2,11.4,0.456,2.5,6.2,0.406,2.7,5.2,0.515,1.5,1.7,0.889,0.6,3.1,3.7,3.9,1.2,0.2,1.7,3.3,14.4
210,Jrue Holiday,PG,33,BOS,51,51,1694,5.4,11.3,0.475,2.2,5,0.443,3.1,6.2,0.5,1.2,1.4,0.824,1.4,4.9,6.3,5.2,0.9,0.8,2,1.8,14.1
211,Justin Holiday,SG,34,DEN,34,9,496,3.5,7.8,0.449,2.2,5.4,0.4,1.3,2.3,0.563,0.2,0.3,0.75,0.4,2.6,3,2.5,1.6,0.2,0.6,3.3,9.4
212,Richaun Holmes,C-PF,30,TOT,26,2,265,5.3,9.4,0.565,0,0,NA,5.3,9.4,0.565,1.6,2.9,0.571,4.6,6.5,11.1,2.2,0.5,1.4,1.6,5,12.2
213,Chet Holmgren,C,21,OKC,56,56,1680,7.7,14.2,0.54,2,5.1,0.396,5.6,9,0.622,2.9,3.8,0.768,1.9,7.3,9.2,3.2,0.8,3.2,2,3.1,20.3
214,Jalen Hood-Schifino,SG,20,LAL,19,0,103,3.5,14.3,0.244,0.7,4.5,0.154,2.8,9.8,0.286,3.8,6.3,0.611,0.7,3.5,4.2,2.8,1,0.7,3.1,4.5,11.5
215,Al Horford,C,37,BOS,46,22,1247,3.9,8,0.482,2.1,5.2,0.409,1.7,2.8,0.619,0.5,0.6,0.85,1.6,7.2,8.9,3.7,0.7,1.4,1,2,10.4
216,Talen Horton-Tucker,PG,23,UTA,36,11,726,6.7,16.4,0.411,2,6.1,0.331,4.7,10.3,0.459,3,3.9,0.782,0.8,3.5,4.4,7,1.7,0.5,2.7,3.4,18.5
217,Danuel House Jr.,SF,30,PHI,34,4,509,3.3,7.4,0.448,1.1,3.5,0.3,2.3,3.9,0.582,2.5,3.3,0.761,1.1,3,4.1,2,1.1,0.4,1.3,3.2,10.2
218,Caleb Houstan,SF,21,ORL,40,8,596,3.6,9.3,0.39,3.2,8.6,0.371,0.4,0.7,0.636,1,1.3,0.773,1.3,2.5,3.8,1.4,0.6,0.1,0.8,2.7,11.5
219,Jett Howard,SF,20,ORL,13,0,49,5.9,16.2,0.364,3.7,12.5,0.294,2.2,3.7,0.6,1.5,2.9,0.5,0.7,2.9,3.7,2.2,0,0.7,1.5,2.2,16.9
220,Kevin Huerter,SG,25,SAC,53,48,1329,5.9,13,0.455,3,8,0.375,2.9,5,0.584,0.9,1.2,0.791,0.9,4.4,5.2,3.8,1,0.6,1.1,3,15.8
221,Jay Huff,C,25,DEN,10,0,29,6.2,12.4,0.5,2.5,8.7,0.286,3.7,3.7,1,0,0,NA,0,6.2,6.2,1.2,1.2,0,1.2,8.7,14.9
222,De'Andre Hunter,SF,26,ATL,32,24,906,6.4,13.7,0.471,2.5,6,0.414,3.9,7.6,0.516,3.9,4.3,0.898,0.8,4.1,4.9,1.7,1,0.4,1.8,3.6,19.2
223,Matthew Hurt,PF,23,MEM,3,0,56,3.9,11.6,0.333,1.3,6.4,0.2,2.6,5.1,0.5,1.9,1.9,1,2.6,1.3,3.9,1.9,0,0.6,0,1.3,10.9
224,Bones Hyland,PG,23,LAC,19,2,251,6.3,17.2,0.367,2.9,9.2,0.313,3.4,8,0.429,1.4,1.7,0.833,0.4,2,2.4,4.7,1.4,0.1,3.3,3.9,16.9
225,Joe Ingles,SF,36,ORL,42,0,729,3.5,8.1,0.427,2.4,5.6,0.425,1.1,2.5,0.431,0.9,1,0.857,0.7,4.1,4.8,6.3,1.3,0.2,1.9,3.2,10.2
226,Brandon Ingram,SF,26,NOP,51,51,1701,8.7,17.7,0.49,1.5,4.2,0.362,7.2,13.5,0.531,4.3,5.4,0.794,0.8,4.6,5.4,6.3,0.9,0.6,2.7,2.5,23.1
227,Kyrie Irving,SG,31,DAL,34,34,1155,10.3,20.8,0.494,3.1,7.5,0.421,7.1,13.3,0.535,3.4,3.9,0.88,0.8,4.7,5.5,5.7,1.4,0.5,1.7,2.1,27.1
228,Jonathan Isaac,PF,26,ORL,38,1,568,5.5,11.6,0.47,1.1,4.1,0.277,4.3,7.5,0.576,2.8,3.8,0.733,3.2,7.1,10.3,1.1,1.7,2.9,1.3,2.8,14.8
229,Jaden Ivey,SG,21,DET,51,35,1415,7,15.4,0.454,2,5.6,0.361,5,9.8,0.506,3.8,5.2,0.729,1.7,3.1,4.8,4.7,0.9,0.7,3.2,3.7,19.8
230,Andre Jackson Jr.,SG,22,MIL,45,8,497,3.3,6.2,0.523,1.1,2.9,0.375,2.2,3.3,0.652,0.6,0.8,0.727,2.6,4.1,6.7,3.1,0.9,0.3,1.5,5.9,8.2
231,GG Jackson II,PF,19,MEM,24,1,471,7.3,16,0.455,3.3,8.2,0.402,4,7.8,0.51,2.9,4.4,0.655,1.8,4.5,6.3,1.5,0.9,1.2,1.7,2.3,20.7
232,Isaiah Jackson,C,22,IND,44,3,610,7.3,11.1,0.66,0,0.2,0,7.3,10.9,0.674,3.5,5,0.714,3.8,6.8,10.7,2.3,1.6,3,1.9,6.8,18.2
233,Jaren Jackson Jr.,C,24,MEM,52,52,1656,8.8,19.6,0.449,2.1,6.4,0.324,6.7,13.1,0.51,5.7,6.9,0.82,1.3,4.8,6.1,2.5,1.2,1.7,2.7,4,25.3
234,Reggie Jackson,PG,33,DEN,57,16,1316,6.8,14.9,0.453,2,5.5,0.36,4.8,9.4,0.507,1.4,1.8,0.776,0.6,2.6,3.2,6.2,0.9,0.2,2.1,2.8,16.9
235,Trayce Jackson-Davis,PF,23,GSW,42,3,543,7.7,11.3,0.682,0,0,NA,7.7,11.3,0.682,2.9,4.8,0.603,4.7,6.7,11.4,2.7,0.8,2.3,1.8,4.4,18.3
236,LeBron James,PF,39,LAL,50,50,1745,9.7,18.5,0.522,2.2,5.5,0.398,7.5,13.1,0.573,4.2,5.6,0.743,0.9,6.5,7.4,8,1.3,0.6,3.3,1.2,25.7
237,Jaime Jaquez Jr.,SF,22,MIA,50,16,1471,6,12.3,0.488,1.1,3.5,0.315,4.9,8.8,0.557,2.5,3,0.821,1.5,3.3,4.8,3.1,1.3,0.3,2,2.9,15.6
238,DaQuan Jeffries,SG,26,NYK,11,0,30,6,14.4,0.417,1.2,6,0.2,4.8,8.4,0.571,0,2.4,0,0,6,6,2.4,0,0,1.2,2.4,13.2
239,Trey Jemison,C,24,TOT,9,3,141,4.3,9.2,0.472,0,0,NA,4.3,9.2,0.472,1.5,1.8,0.857,3.8,4.1,7.9,1.8,1,2.6,2.3,5.9,10.2
240,Ty Jerome,SG,26,CLE,2,0,15,4.8,9.6,0.5,0,2.4,0,4.8,7.2,0.667,0,0,NA,2.4,0,2.4,7.2,0,0,2.4,4.8,9.6
241,Isaiah Joe,SG,24,OKC,52,0,968,5.7,12.1,0.471,3.8,8.9,0.427,1.9,3.2,0.593,1.2,1.5,0.846,0.7,3.8,4.5,2.3,1.2,0.5,1.2,2.3,16.4
242,Cameron Johnson,PF,27,BRK,42,40,1177,6.4,14.1,0.45,3.1,7.8,0.391,3.3,6.3,0.524,1.6,2.1,0.75,1.3,4.6,5.9,3.3,1,0.4,1.2,2.4,17.3
243,Jalen Johnson,SF,22,ATL,42,39,1431,6.6,12.7,0.523,1.2,3.5,0.343,5.4,9.1,0.592,2,2.8,0.723,1.4,7.7,9.2,3.5,1.3,1,1.8,2.7,16.5
244,James Johnson,PF,36,IND,5,0,24,3,7.5,0.4,0,1.5,0,3,6,0.5,0,0,NA,1.5,4.5,6,7.5,6,0,3,6,6
245,Keldon Johnson,SF,24,SAS,53,26,1587,7.1,15.6,0.451,2,6.1,0.332,5,9.5,0.529,3.2,4.1,0.782,1.6,5.1,6.7,3.7,1,0.4,1.9,2.7,19.3
246,Keon Johnson,SG,21,BRK,3,0,47,4.6,12.3,0.375,3.1,6.1,0.5,1.5,6.1,0.25,6.1,6.1,1,1.5,1.5,3.1,2.3,2.3,0.8,2.3,2.3,18.4
247,Keyontae Johnson,SF,23,OKC,8,0,64,2.3,7.9,0.286,0.6,1.7,0.333,1.7,6.2,0.273,0,0,NA,1.7,3.4,5.1,2.3,0,0,2.3,2.8,5.1
248,Nikola Jokić,C,28,DEN,55,55,1859,10.9,18.7,0.584,1.1,3.1,0.352,9.8,15.5,0.631,4.8,5.9,0.811,3.1,9.9,13,9.7,1.2,1,3.1,2.7,27.7
249,Colby Jones,SG,21,SAC,17,0,121,5.1,13.7,0.37,0.3,3.9,0.077,4.8,9.8,0.485,0.6,1.5,0.4,3,4.5,7.4,3,1.2,0.3,1.5,4.8,11
250,Damian Jones,C,28,CLE,25,0,150,4.1,7.7,0.531,0.5,1.7,0.286,3.6,6,0.6,2.4,2.6,0.909,2.2,5.8,7.9,2.9,0.7,2.4,2.2,3.8,11
251,Derrick Jones Jr.,SF,26,DAL,51,47,1283,4.9,10.2,0.485,1.7,5.1,0.343,3.2,5.1,0.626,1.9,2.6,0.739,1.6,3.6,5.2,1.5,1.1,1,1.3,2.5,13.5
252,Herbert Jones,SF,25,NOP,52,52,1509,5,9.9,0.508,1.8,4.4,0.415,3.2,5.5,0.583,2.1,2.5,0.857,1.4,3.2,4.7,3.1,1.6,1,1.6,3.6,14
253,Tre Jones,PG,24,SAS,52,23,1358,5.2,10.5,0.497,0.9,3.1,0.288,4.3,7.4,0.586,1.9,2.1,0.877,1,3.4,4.4,8,1.4,0.2,1.9,1.7,13.2
254,Tyus Jones,PG,27,WAS,56,56,1619,6.4,12.9,0.498,2,4.7,0.427,4.4,8.2,0.539,0.6,0.8,0.778,0.4,3,3.4,8.6,1.4,0.4,1.2,1,15.5
255,DeAndre Jordan,C,35,DEN,29,1,327,5.3,8.4,0.632,0,0,NA,5.3,8.4,0.632,2.4,5.4,0.449,5.3,9.2,14.5,2.2,0.6,1.4,2.1,5.3,13
256,Cory Joseph,PG,32,GSW,26,0,296,2.8,7.8,0.359,1.6,5.1,0.31,1.2,2.7,0.455,0.5,0.9,0.571,0.7,2.9,3.6,5.1,0.5,0.4,1.5,3,7.7
257,Nikola Jović,PF,20,MIA,23,15,385,4.4,10.3,0.427,2.4,5.2,0.464,2,5,0.389,1.3,2.2,0.583,1.6,7.3,8.9,4.1,0.7,0.7,2.1,4,12.5
258,Johnny Juzang,SG,22,UTA,2,0,6,0,18,0,0,18,0,0,0,NA,0,0,NA,0,0,0,6,0,0,0,0,0
259,Luke Kennard,SG,27,MEM,28,12,693,5.1,11.6,0.442,3.9,8.9,0.444,1.2,2.8,0.434,1.4,1.6,0.839,0.5,3.7,4.2,4.3,0.7,0.1,1.6,1.6,15.6
260,Walker Kessler,C,22,UTA,49,17,1140,5.7,8.8,0.646,0.1,0.6,0.211,5.6,8.2,0.678,1.3,2.4,0.56,3.9,7.5,11.4,1.3,0.8,4.2,1.6,3.3,12.9
261,Braxton Key,SF,26,DEN,16,0,53,4.1,10.2,0.4,0.7,2.7,0.25,3.4,7.5,0.455,2.7,4.1,0.667,2,6.8,8.8,5.4,1.4,0.7,0.7,3.4,11.5
262,Corey Kispert,SF,24,WAS,55,1,1241,6.9,14.5,0.479,3.3,8.9,0.367,3.7,5.5,0.66,2.2,2.9,0.778,0.5,3.4,3.9,2.6,0.7,0.2,1.7,2.6,19.4
263,Maxi Kleber,C,32,DAL,20,7,437,3.4,7.3,0.461,1.5,4.2,0.353,1.9,3.1,0.605,1.2,1.9,0.652,1.3,4.5,5.8,3,0.7,1.2,1.6,3.4,9.5
264,Kevin Knox,SF,24,DET,31,11,560,5.5,12,0.462,2,6,0.33,3.5,5.9,0.598,1.3,1.4,0.909,1.2,3.7,4.8,1.5,0.8,0.5,1.4,3.2,14.3
265,John Konchar,SF,27,MEM,45,15,876,2.8,6.7,0.426,1.1,3.7,0.297,1.7,2.9,0.592,0.5,0.7,0.813,2.2,5.8,7.9,3.3,1.6,1.7,1.2,2.3,7.3
266,Furkan Korkmaz,SG,26,PHI,35,0,300,3.6,9.1,0.395,1.7,4.8,0.35,1.9,4.3,0.444,1.7,2.4,0.7,0.5,3.1,3.6,3,1.7,0.4,1.2,2,10.6
267,Luke Kornet,C,28,BOS,40,2,595,5.3,7.6,0.696,0,0,NA,5.3,7.6,0.696,1.8,2,0.879,4.7,5,9.6,2.2,1,2.4,1,3.4,12.3
268,Vit Krejci,PG,23,ATL,1,0,2,0,0,NA,0,0,NA,0,0,NA,0,0,NA,0,0,0,0,0,0,0,0,0
269,Jonathan Kuminga,PF,21,GSW,54,28,1383,8.1,15.5,0.527,1,3.3,0.313,7.1,12.1,0.586,4.1,5.6,0.727,1.8,4.8,6.6,2.8,1,0.7,2.3,3.1,21.4
270,Kyle Kuzma,PF,28,WAS,54,54,1707,9.8,21.4,0.457,2.6,7.7,0.336,7.2,13.7,0.525,2.7,3.5,0.778,1.2,6.1,7.3,4.7,0.5,0.8,3,2.6,24.9
271,Jock Landale,C,28,HOU,30,0,281,3.5,9,0.386,0.3,2.3,0.111,3.2,6.7,0.481,1.7,2.2,0.765,4.9,3.8,8.7,2.7,1,1.4,1.5,3.6,8.8
272,Jake LaRavia,PF,22,MEM,12,0,139,4.4,13.2,0.333,1.3,7,0.185,3.1,6.2,0.5,1,1.3,0.8,2.6,2.6,5.2,2.1,0.8,0.3,1.3,5.2,11.1
273,Zach LaVine,SG,28,CHI,25,23,872,7,15.5,0.452,2.4,7,0.349,4.6,8.5,0.536,3.6,4.3,0.854,0.3,5,5.3,4,0.9,0.3,2.1,2.4,20.1
274,A.J. Lawson,SG,23,DAL,27,0,230,6.1,13.1,0.464,2,6.3,0.325,4.1,6.9,0.591,1.9,3,0.632,1.7,3.3,5,2,1.4,0.5,1.6,3,16.1
275,Saben Lee,PG,24,PHO,14,0,106,4.4,10.5,0.419,0,2.7,0,4.4,7.8,0.565,7.1,9.8,0.724,1.7,5.1,6.8,5.4,2.4,1,2.4,2,16
276,Alex Len,C,30,SAC,23,0,197,4.6,7.5,0.61,0,0.5,0,4.6,6.9,0.658,1.3,2.7,0.467,5.1,7.5,12.6,4,1.1,2,2.6,4.9,10.4
277,Kawhi Leonard,SF,32,LAC,50,50,1714,9.5,17.9,0.531,2.4,5.4,0.447,7.1,12.5,0.566,3.9,4.3,0.893,1.3,5.2,6.4,3.9,1.8,0.9,1.8,1.6,25.2
278,Caris LeVert,SG,29,CLE,45,1,1233,6.7,16.2,0.414,2.2,6.6,0.327,4.6,9.6,0.473,2.9,3.8,0.76,0.7,4,4.7,5.7,1.2,0.6,2,2.3,18.5
279,Kira Lewis Jr.,PG,22,TOT,18,0,151,3.8,12.6,0.302,0.5,5,0.095,3.3,7.6,0.438,2.4,2.6,0.909,1,2.4,3.3,4.8,1.4,0.2,1.9,2.1,10.5
280,Maxwell Lewis,SF,21,LAL,20,0,70,1.5,6.2,0.25,0.5,1.5,0.333,1,4.6,0.222,0,0,NA,0.5,1,1.5,1.5,1,0,2.6,1.5,3.6
281,E.J. Liddell,PF,23,NOP,8,0,23,1.6,9.4,0.167,0,7.8,0,1.6,1.6,1,3.1,3.1,1,0,7.8,7.8,1.6,3.1,3.1,3.1,3.1,6.3
282,Damian Lillard,PG,33,MIL,52,52,1821,7.6,18,0.421,3,8.7,0.339,4.6,9.3,0.498,7.1,7.7,0.923,0.6,3.8,4.3,7,1.1,0.2,2.6,1.8,25.2
283,Nassir Little,SF,23,PHO,33,2,425,4.2,9.1,0.458,1.6,5.1,0.317,2.5,4,0.638,1.4,1.7,0.85,1.2,4.8,6,1.6,0.8,0.8,1.1,3.1,11.4
284,Dereck Lively II,C,19,DAL,38,36,968,5.8,7.8,0.735,0,0.1,0,5.8,7.8,0.742,1.3,2.3,0.557,4,6.9,10.9,1.8,0.9,2.1,1.6,4.2,12.8
285,Isaiah Livers,PF,25,DET,23,6,469,3.1,8.9,0.345,1.7,5.9,0.286,1.4,3,0.462,0.9,1.4,0.667,1.2,2.5,3.7,1.9,1,0.4,1.2,3.3,8.8
286,Chris Livingston,SF,20,MIL,15,0,62,4.1,8.1,0.5,0.6,0.6,1,3.5,7.5,0.462,1.2,1.2,1,1.2,7,8.1,2.3,1.2,0,1.7,4.1,9.9
287,Kenneth Lofton Jr.,PF,21,TOT,17,0,108,5,14.3,0.349,1,4,0.25,4,10.3,0.387,2.7,5,0.533,0.7,5.3,6,4.7,1,1,2.7,5,13.7
288,Kevon Looney,C,27,GSW,55,36,976,4.1,6.8,0.607,0,0,0,4.1,6.7,0.61,1.6,2.3,0.694,4.5,8.2,12.7,4.2,0.8,0.7,1.5,4.5,9.8
289,Brook Lopez,C,35,MIL,54,54,1702,5.6,11.6,0.484,2.1,6,0.344,3.6,5.6,0.634,1.6,1.9,0.835,1.8,4.5,6.3,1.9,0.7,3.1,1.1,2.9,14.9
290,Robin Lopez,C,35,MIL,16,2,65,3.9,10.5,0.368,1.1,4.4,0.25,2.8,6.1,0.455,1.1,1.1,1,1.7,1.1,2.8,2.2,0.6,1.7,1.1,3.9,10
291,Kevin Love,PF,35,MIA,45,5,793,5.7,13.2,0.434,3.2,9.3,0.343,2.5,3.9,0.651,3.5,4.4,0.776,2.2,10.7,12.8,4.6,0.7,0.4,1.6,3.7,18.1
292,Kyle Lowry,PG,37,TOT,38,35,1062,3.7,8.4,0.434,2.1,5.5,0.387,1.5,2.9,0.523,1.2,1.4,0.833,0.9,3.6,4.5,5.2,1.3,0.5,1.9,3.3,10.6
293,Seth Lundy,SF,23,ATL,9,0,52,2.8,11.8,0.235,2.1,9,0.231,0.7,2.8,0.25,2.1,2.8,0.75,0.7,4.2,4.8,0,0,0,0.7,4.2,9.7
294,Trey Lyles,PF,28,SAC,40,0,797,4.6,10,0.455,2.9,7.4,0.399,1.6,2.7,0.61,1.5,2.2,0.673,1.7,6.5,8.1,2.1,0.6,0.5,1.1,2.6,13.6
295,Théo Maledon,PG,22,TOT,16,1,212,3.4,11.7,0.29,0.8,5.1,0.167,2.5,6.6,0.385,2.4,2.5,0.933,0.7,3.4,4.1,4.8,1.2,0,3.1,3.6,10
296,Sandro Mamukelashvili,C,24,SAS,31,0,199,4.9,11.9,0.409,1.4,6.2,0.235,3.4,5.8,0.594,2.2,3.1,0.706,3.3,6.7,9.9,4.9,0.7,1.4,1.4,3.6,13.4
297,Terance Mann,SG,27,LAC,49,45,1230,4.3,9.2,0.462,1.3,4.2,0.319,2.9,5,0.581,1.2,1.6,0.764,1.8,3,4.9,2.6,0.8,0.3,0.9,2.7,11.1
298,Tre Mann,PG,22,TOT,18,5,271,5.7,12.2,0.467,2.4,5.3,0.45,3.3,6.9,0.481,1.2,1.3,0.9,1.1,6.2,7.3,6.4,1.3,0,2.7,1.9,15
299,Boban Marjanović,C,35,HOU,9,0,48,7.5,15.8,0.476,0,1.5,0,7.5,14.2,0.526,2.3,4.5,0.5,4.5,12,16.5,3,0,0.7,1.5,3,17.2
300,Lauri Markkanen,PF,26,UTA,47,47,1544,8.6,17.7,0.489,3.5,8.8,0.398,5.1,8.8,0.579,4.8,5.4,0.887,2.5,6.9,9.4,2.2,0.9,0.5,1.4,2.1,25.6
301,Naji Marshall,SF,26,NOP,46,1,848,5,11.1,0.452,1.7,4.5,0.371,3.4,6.6,0.506,2.6,3.3,0.792,1.8,4.8,6.7,3.8,1.4,0.3,2,3,14.3
302,Caleb Martin,SF,28,MIA,39,18,1041,5.2,11.4,0.45,1.5,4.2,0.352,3.7,7.2,0.507,1.7,2.2,0.75,1.7,4.4,6.1,2.9,1,0.4,1.6,2.8,13.5
303,Cody Martin,SF,28,CHO,24,18,639,4,10.4,0.384,1.4,4.1,0.329,2.6,6.3,0.42,0.8,1.6,0.536,0.9,4.2,5.1,4.5,1.7,0.7,2.2,2.3,10.2
304,KJ Martin,SF,23,TOT,42,2,484,4.8,8.8,0.551,0.4,1.5,0.25,4.5,7.3,0.612,1,2.2,0.483,1.3,4.4,5.7,2.3,1.2,0.4,1.6,4.6,11.1
305,Garrison Mathews,SG,27,ATL,40,4,504,3.3,7.2,0.455,2.9,6.6,0.441,0.4,0.6,0.625,0.7,1.1,0.667,0.6,2.7,3.4,1.3,0.7,0.3,1.1,4.5,10.2
306,Bennedict Mathurin,SF,21,IND,53,16,1360,6.9,15.4,0.448,1.7,4.7,0.365,5.2,10.7,0.484,4.2,5.1,0.825,1.4,4,5.4,2.7,0.8,0.3,2.3,2.6,19.8
307,Wesley Matthews,SG,37,ATL,21,1,232,2,7.1,0.283,1.4,5.6,0.25,0.6,1.6,0.4,2.2,2.9,0.737,0.6,3.7,4.3,2,1.6,0.6,0.9,4.3,7.6
308,Tyrese Maxey,PG,23,PHI,51,51,1902,8.7,19.3,0.449,2.9,7.8,0.378,5.7,11.6,0.496,4.7,5.4,0.861,0.5,3.1,3.6,6.2,0.9,0.5,1.7,2.1,24.9
309,Skylar Mays,PG-SG,26,TOT,30,5,418,5.3,13.4,0.397,1.4,4.7,0.296,4,8.8,0.451,1.1,1.5,0.765,0.9,2.7,3.5,7.1,1.5,0.3,1.6,2.2,13.2
310,Miles McBride,PG,23,NYK,43,3,540,6.1,14.1,0.434,3.2,8,0.4,2.9,6.1,0.478,1.3,1.7,0.8,0.7,2,2.7,2.9,1.7,0.2,1.1,3.3,16.8
311,CJ McCollum,PG,32,NOP,43,43,1361,7.8,16.9,0.459,3.8,9.1,0.417,4,7.8,0.508,2.1,2.7,0.794,0.6,4.2,4.9,5.2,1.2,0.8,1.8,2.4,21.4
312,T.J. McConnell,PG,31,IND,46,4,798,7.8,14.4,0.539,0.2,0.9,0.238,7.5,13.4,0.56,1.6,2.1,0.766,1,4.6,5.5,11.4,2.2,0.2,3.2,2.2,17.4
313,Jaden McDaniels,SF,23,MIN,46,45,1315,5.4,10.8,0.501,1.5,4.2,0.355,3.9,6.6,0.596,0.8,1.1,0.795,1,2.4,3.3,1.7,1.1,0.7,1.6,3.9,13.2
314,Jalen McDaniels,SF,26,TOR,34,0,299,4.2,12.8,0.33,1.3,6.4,0.208,2.9,6.4,0.453,1.7,2.4,0.7,1.1,4,5.1,2,1.3,0.4,2.2,3.6,11.4
315,Doug McDermott,SF,32,TOT,50,0,749,4.9,11.3,0.43,3.8,9.1,0.421,1,2.2,0.467,0.5,0.8,0.588,0.4,1.9,2.4,2.9,0.5,0.1,1.2,2.5,14
316,JaVale McGee,C,36,SAC,39,0,310,8.5,13.5,0.629,0,0.5,0,8.5,13,0.652,2.9,5,0.581,4.3,8.7,13,1.6,1,2.2,3.6,5.1,19.9
317,Bryce McGowens,SG,21,CHO,44,13,711,4.2,9.3,0.454,1.5,4.3,0.357,2.7,5,0.535,2.2,2.9,0.754,0.8,3.3,4.2,2,0.9,0.3,1.3,3.3,12.1
318,Jordan McLaughlin,PG,27,MIN,33,0,293,3.7,9.3,0.395,2.1,5.3,0.395,1.6,4.1,0.394,0.5,1,0.5,1.2,2.8,4.1,6.6,2.7,0.6,1.4,2.1,10
319,De'Anthony Melton,SG,25,PHI,34,33,975,4.8,12.3,0.392,2.6,7.3,0.36,2.2,5.1,0.438,2.4,2.8,0.831,1,3.9,4.9,3.9,2,0.6,1.4,2.9,14.7
320,Nathan Mensah,C,25,CHO,25,0,307,1.4,3.3,0.429,0,0,NA,1.4,3.3,0.429,1.1,1.4,0.75,3.4,4.2,7.6,1.1,0.7,1.6,1.6,7.5,3.9
321,Sam Merrill,SG,27,CLE,39,0,601,6.1,14,0.436,5.3,12.2,0.438,0.8,1.9,0.419,0.7,0.7,0.917,0.9,3.4,4.3,3.6,0.8,0.1,0.7,2.6,18.2
322,Chimezie Metu,C,26,PHO,37,5,447,5.3,10.5,0.508,1.2,4.1,0.294,4.1,6.4,0.646,3.1,3.5,0.884,1.9,6.9,8.9,1.5,1.5,0.7,2.2,3.1,14.9
323,Vasilije Micić,PG,30,TOT,35,0,470,4.2,10.6,0.399,1.2,4.7,0.258,3,5.8,0.513,1.5,2.1,0.741,0.3,2.3,2.6,8,0.7,0.2,3,2.5,11.2
324,Khris Middleton,SF,32,MIL,43,43,1129,7.7,15.8,0.487,2.3,6.2,0.378,5.4,9.7,0.556,2.5,3,0.832,0.8,5,5.9,6.9,1.2,0.4,2.8,3.3,20.3
325,Brandon Miller,SF,21,CHO,50,44,1577,7,16,0.439,2.7,7,0.382,4.3,9,0.483,2.1,2.6,0.832,1,3.6,4.6,2.7,1.1,0.6,2,3,18.8
326,Jordan Miller,SF,24,LAC,5,0,21,6.9,10.3,0.667,1.7,1.7,1,5.1,8.6,0.6,3.4,3.4,1,3.4,3.4,6.9,0,0,0,1.7,3.4,18.9
327,Leonard Miller,SF,20,MIN,7,0,26,9.7,15.2,0.636,1.4,4.2,0.333,8.3,11.1,0.75,0,0,NA,1.4,12.5,13.8,4.2,1.4,1.4,1.4,4.2,20.8
328,Dariq Whitehead,SF,19,BRK,2,0,24,1.5,7.5,0.2,0,4.5,0,1.5,3,0.5,1.5,3,0.5,0,6,6,4.5,0,1.5,0,0,4.5
329,Patty Mills,PG,35,ATL,19,0,202,3.4,9.1,0.373,2.3,6.1,0.382,1.1,3,0.353,0,0,NA,0.9,2.7,3.6,2.5,1.6,0.2,1.4,3,9.1
330,Shake Milton,SG,27,TOT,42,0,554,4.9,12.1,0.403,1.1,4,0.274,3.8,8.1,0.468,2.5,3.1,0.809,0.9,3.6,4.5,3.6,1.2,0.4,2,3.1,13.3
331,Justin Minaya,SF,24,POR,18,0,148,1.5,5.8,0.25,0.7,3.6,0.2,0.7,2.2,0.333,0.7,1.5,0.5,2.4,2.4,4.9,1.7,1.2,1.2,1.2,2.4,4.4
332,Josh Minott,SF,21,MIN,19,0,61,5.9,12.4,0.476,0.6,3.5,0.167,5.3,8.9,0.6,7.1,8.3,0.857,1.8,4.1,5.9,1.8,1.8,1.8,1.2,4.1,19.5
333,Davion Mitchell,PG,25,SAC,45,3,590,3.9,9.8,0.398,1.5,5,0.305,2.4,4.8,0.494,1.1,1.5,0.72,0.4,2.4,2.8,4.6,0.6,0.1,1.5,3.2,10.4
334,Donovan Mitchell,SG,27,CLE,44,44,1560,10,21.2,0.473,3.3,9.3,0.361,6.7,11.9,0.56,5.4,6.3,0.864,1,4.5,5.5,6.4,1.9,0.5,2.8,2.1,28.8
335,Evan Mobley,PF,22,CLE,32,32,998,7.5,12.8,0.581,0.4,0.9,0.4,7.1,11.9,0.595,2.6,3.5,0.742,2.7,8.9,11.7,3.2,1,1.7,2.3,3.3,17.9
336,Isaiah Mobley,PF,24,CLE,3,0,14,5.1,10.3,0.5,2.6,5.1,0.5,2.6,5.1,0.5,0,0,NA,0,5.1,5.1,10.3,2.6,0,2.6,5.1,12.9
337,Malik Monk,SG,25,SAC,54,0,1397,7.4,16.5,0.451,3.1,8.3,0.373,4.3,8.2,0.53,3.3,4,0.819,0.5,3.4,3.8,7.3,0.8,0.9,3,2.8,21.2
338,Moses Moody,SG,21,GSW,41,4,704,6.1,13.2,0.465,2.1,6.2,0.344,4,7,0.574,2.4,3,0.797,2.3,4,6.3,1.7,1.3,0.8,1.4,2.7,16.8
339,Xavier Moon,SG,29,LAC,2,0,12,3,6,0.5,0,3,0,3,3,1,0,0,NA,0,6,6,9,0,0,3,3,6
340,Taze Moore,SG,25,POR,3,0,10,10.8,18,0.6,0,7.2,0,10.8,10.8,1,0,0,NA,0,0,0,3.6,3.6,0,3.6,7.2,21.6
341,Wendell Moore Jr.,SG,22,MIN,14,0,44,4.1,8.2,0.5,0,3.3,0,4.1,4.9,0.833,0,0,NA,0,4.9,4.9,1.6,4.1,0.8,2.5,3.3,8.2
342,Ja Morant,PG,24,MEM,9,9,318,9.1,19.2,0.471,1.6,5.8,0.275,7.5,13.5,0.555,5.9,7.2,0.813,0.7,5,5.7,8.3,0.8,0.6,3.1,2.2,25.6
343,Marcus Morris,PF,34,PHI,37,7,637,5.1,11.6,0.439,2,5.1,0.4,3.1,6.5,0.47,1.8,2,0.861,1,5.1,6.2,1.5,0.7,0.6,1.1,3.4,14
344,Markieff Morris,PF,34,DAL,17,1,156,3.7,11.3,0.327,2.3,6.9,0.333,1.4,4.4,0.316,0.7,0.9,0.75,0.9,6,6.9,2.5,1.2,0.2,2.1,2.5,10.4
345,Monte Morris,PG,28,TOT,10,0,124,6.1,15.7,0.389,1.5,6.4,0.227,4.6,9.3,0.5,0.6,0.9,0.667,0.6,4.1,4.6,4.6,1.2,0.6,0.9,0.9,14.2
346,Trey Murphy III,SF,23,NOP,32,8,839,5.7,13.6,0.421,3.3,9.7,0.347,2.4,4,0.602,2.3,2.9,0.779,0.8,4.4,5.2,2.2,1.1,0.8,0.7,1.7,17.1
347,Dejounte Murray,SG,27,ATL,53,53,1856,8.4,18.2,0.465,2.3,6.4,0.36,6.1,11.7,0.522,2.9,3.5,0.829,0.8,4.6,5.4,5.5,1.3,0.3,2.3,1.8,22.1
348,Jamal Murray,PG,26,DEN,41,41,1289,8.9,18.9,0.47,2.7,6.7,0.406,6.1,12.2,0.505,3,3.5,0.849,0.8,3.7,4.5,7.4,1,0.8,2.3,2.2,23.4
349,Keegan Murray,SF,23,SAC,51,51,1659,6.2,13.5,0.462,2.4,6.8,0.352,3.8,6.7,0.573,1.5,1.8,0.812,1.3,4.5,5.8,1.8,1.2,0.7,1,3,16.4
350,Kris Murray,SF,23,POR,35,2,482,3.9,9.6,0.406,1.4,4.7,0.302,2.5,4.9,0.508,0.7,1.3,0.556,1.9,3.7,5.6,1.9,1.9,0.5,1.4,2.3,9.9
351,Mike Muscala,C,32,TOT,37,6,509,3.4,9.5,0.358,1.9,6,0.318,1.5,3.5,0.429,1.2,1.7,0.708,2.3,5.1,7.4,2.3,0.6,0.8,1.3,3.1,9.9
352,Svi Mykhailiuk,SF,26,BOS,24,0,183,4.5,13,0.348,3.3,10.4,0.321,1.2,2.6,0.462,0.6,1.2,0.5,1,3.1,4.1,2.2,1.4,0,1.4,2.4,13
353,Larry Nance Jr.,C,31,NOP,39,0,716,4.2,7.2,0.58,1,2.3,0.444,3.2,4.9,0.643,1.3,1.8,0.722,2.8,7.4,10.2,3,2,0.8,1.6,2.8,10.7
354,Pete Nance,PF,23,CLE,2,0,4,0,18,0,0,0,NA,0,18,0,0,0,NA,0,0,0,0,0,0,0,0,0
355,Andrew Nembhard,PG,24,IND,43,22,992,5.9,12,0.492,1.2,3.4,0.337,4.8,8.6,0.555,1.1,1.4,0.789,0.9,2.1,2.9,7.1,1.4,0.1,2.6,3,14.1
356,Aaron Nesmith,SF,24,IND,51,26,1381,6.1,11.8,0.519,2.8,6.2,0.452,3.3,5.6,0.593,1.7,2.5,0.702,1.3,3.9,5.2,1.9,1.4,0.9,1.3,4.4,16.8
357,Georges Niang,PF,30,CLE,55,1,1189,5.5,12.6,0.436,2.8,7.8,0.359,2.7,4.7,0.564,1.1,1.4,0.822,0.5,5.4,6,2,0.4,0.4,1.3,4,14.9
358,Daishen Nix,PG,21,MIN,10,0,35,8.2,19.5,0.421,5.1,13.4,0.385,3.1,6.2,0.5,1,4.1,0.25,0,1,1,2.1,2.1,0,1,1,22.6
359,Zeke Nnaji,PF,23,DEN,42,0,410,4.7,10.2,0.466,0.4,1.7,0.263,4.3,8.5,0.505,2.8,4.1,0.681,4.2,3.9,8.1,2.2,1,2.3,2.2,5.4,12.7
360,Jaylen Nowell,SG,24,MEM,9,1,156,5.1,12.7,0.4,0.9,5.3,0.174,4.2,7.4,0.563,0.7,0.7,1,0.7,2.5,3.2,3.7,0.7,0,1.2,3,11.8
361,Markquis Nowell,SG,24,TOR,1,0,4,0,9,0,0,0,NA,0,9,0,18,18,1,18,0,18,18,9,0,0,0,18
362,Frank Ntilikina,PG,25,CHO,5,0,43,0.8,7.5,0.111,0.8,6.7,0.125,0,0.8,0,1.7,1.7,1,0.8,4.2,5,3.3,0,0,0.8,3.3,4.2
363,Jusuf Nurkić,C,29,PHO,53,53,1436,6,11.6,0.516,0.5,2.1,0.25,5.5,9.5,0.575,3,4.4,0.684,3.4,10,13.4,4.9,1.4,1.3,2.7,4.5,15.5
364,Jordan Nwora,SF,25,TOT,30,1,326,6.3,14.8,0.425,2.2,6.7,0.328,4.1,8.1,0.507,3.1,3.5,0.875,1.4,5.2,6.6,3.8,1.3,0.3,2.1,3.6,17.9
365,Royce O'Neale,SF,30,TOT,54,6,1313,3.8,9.8,0.383,2.9,8,0.362,0.9,1.9,0.471,0.5,0.7,0.63,1.2,5.6,6.8,4.1,1.1,0.8,1.5,3.6,10.9
366,Chuma Okeke,SF,25,ORL,33,8,381,3.6,9.4,0.384,2.2,6.8,0.319,1.4,2.6,0.556,0.2,0.5,0.4,1.7,5.1,6.8,1.6,0.7,0.7,1.1,1.8,9.5
367,Josh Okogie,SG,25,PHO,51,11,893,3.2,7.7,0.417,1,3.5,0.295,2.2,4.2,0.519,2.9,3.9,0.732,2.7,3,5.7,2.4,1.8,0.9,1.2,2.5,10.4
368,Onyeka Okongwu,C,23,ATL,53,8,1367,5.6,9.2,0.61,0.6,1.7,0.338,5.1,7.5,0.671,2.4,3,0.8,3.8,6,9.7,1.9,0.6,1.6,1.2,4.2,14.3
369,Isaac Okoro,SF,23,CLE,46,26,1213,4.6,9.1,0.5,1.5,3.7,0.395,3.1,5.5,0.571,2,2.8,0.688,1.6,2.6,4.2,2.6,1.1,0.7,1.1,2.8,12.6
370,Kelly Olynyk,C,32,TOT,55,8,1110,5.3,9.5,0.553,1.2,3,0.404,4,6.5,0.623,2.9,3.4,0.857,2.2,6.7,9,7.5,1.4,0.5,2.8,4.7,14.7
371,Eugene Omoruyi,SF,26,WAS,26,0,196,8.6,17.4,0.495,1.1,4.6,0.24,7.5,12.9,0.586,4.4,5.9,0.75,4,6.1,10.1,4,3.5,0.2,2.6,6.8,22.8
372,Cedi Osman,SF,28,SAS,57,1,1011,5.3,11.1,0.474,2.4,6.3,0.376,2.9,4.8,0.604,1.2,1.8,0.68,0.7,4.4,5.1,3.6,1,0.3,1.3,3,14.1
373,Kelly Oubre Jr.,SF,28,PHI,44,32,1279,6.5,14.1,0.46,1.7,5.5,0.315,4.7,8.5,0.554,2.6,3.5,0.736,1.5,4.1,5.5,1.3,1.4,0.7,1.2,3.7,17.3
374,Chris Paul,PG,38,GSW,32,11,882,4.2,10,0.424,1.8,4.9,0.361,2.5,5.1,0.484,1.4,1.7,0.833,0.4,4.5,4.9,9.4,1.5,0.1,1.6,2.4,11.7
375,Cameron Payne,PG,29,TOT,53,3,834,5.4,12.1,0.446,2.6,6.8,0.389,2.8,5.3,0.52,2,2.3,0.852,0.4,2.7,3.1,5.6,1.1,0.2,1.6,3.5,15.4
376,Gary Payton II,SG,31,GSW,21,0,331,5.8,11,0.525,1.3,4,0.324,4.5,7,0.641,1,1.4,0.692,2.3,4.1,6.4,2.2,2.3,0.8,1.3,4,13.8
377,Drew Peterson,PF,24,BOS,1,0,3,12,12,1,12,12,1,0,0,NA,0,0,NA,0,0,0,12,0,0,0,12,36
378,Filip Petrušev,C,23,TOT,3,0,10,3.6,7.2,0.5,0,0,NA,3.6,7.2,0.5,3.6,7.2,0.5,0,3.6,3.6,0,0,0,0,3.6,10.8
379,Julian Phillips,SF,20,CHI,31,0,216,3.7,8.3,0.44,1,4,0.25,2.7,4.3,0.615,1,1.8,0.545,1,2.5,3.5,1.5,0.2,1,1.2,5.3,9.3
380,Jalen Pickett,SG,24,DEN,18,0,101,4.3,10.3,0.414,2.5,7.5,0.333,1.8,2.9,0.625,1.1,1.4,0.75,0.4,3.6,3.9,4.6,1.1,0,2.1,3.2,12.1
381,Scotty Pippen Jr.,PG,23,MEM,8,4,181,5.6,11.7,0.475,2.6,4.6,0.565,3,7.2,0.417,3,4.2,0.714,1.6,3.8,5.4,7.2,1.6,0.8,3,4.2,16.7
382,Mason Plumlee,C,33,LAC,25,9,421,4.8,7.4,0.644,0,0,NA,4.8,7.4,0.644,3.9,5.6,0.697,3,8.9,11.9,2.6,0.7,0.7,1.4,3.2,13.5
383,Brandin Podziemski,SG,20,GSW,49,16,1302,5.4,11.7,0.459,1.7,4.6,0.375,3.6,7.1,0.514,1.1,1.7,0.623,2.1,5.9,7.9,5.3,1.1,0.2,1.7,2.5,13.5
384,Jakob Poeltl,C,28,TOR,46,46,1229,6.6,10,0.662,0,0,NA,6.6,10,0.662,1.6,3,0.554,3.9,7.7,11.6,3.3,0.9,2.1,2.2,4,14.8
385,Aleksej Pokusevski,PF,22,OKC,10,0,60,2.4,9.6,0.25,1.2,6.6,0.182,1.2,3,0.4,1.2,2.4,0.5,1.2,4.8,6,3,0.6,0.6,1.8,3,7.2
386,Jordan Poole,SG,24,WAS,54,52,1573,6.9,17.5,0.396,2.4,8,0.303,4.5,9.5,0.474,3.2,3.7,0.859,0.5,2.5,3,4.5,1.4,0.4,2.7,4,19.5
387,Craig Porter Jr.,PG,23,CLE,34,5,478,6.5,12.8,0.506,0.5,1.6,0.333,5.9,11.2,0.53,2.4,3.5,0.696,1.1,4.9,6,6.9,1.3,0.9,2.5,2.3,15.9
388,Jontay Porter,PF,24,TOR,17,5,221,4.2,11.4,0.371,2,6,0.324,2.3,5.4,0.424,1.8,2,0.917,2.8,6,8.8,4.9,2,1.8,1.6,4.6,12.2
389,Michael Porter Jr.,SF,25,DEN,56,56,1773,7.2,15,0.476,3.1,7.9,0.394,4.1,7.2,0.567,1.2,1.5,0.806,1.6,6.4,8,1.6,0.5,0.8,1.2,2.2,18.6
390,Otto Porter Jr.,SF,30,TOR,15,1,174,2.9,6.8,0.424,1.7,4.8,0.348,1.2,2.1,0.6,0.6,0.6,1,1.2,4.8,6,1.7,1,1,0.4,3.9,8.1
391,Bobby Portis,PF,28,MIL,57,1,1364,7.7,15.6,0.495,1.7,4.5,0.38,6,11.1,0.542,1.9,2.4,0.791,2.5,7.9,10.3,1.7,1.1,0.6,1.4,3.6,19.1
392,Kristaps Porziņģis,C,28,BOS,41,41,1211,8.2,15.7,0.525,2.3,6.2,0.362,6,9.5,0.632,5.7,6.8,0.846,1.8,6.5,8.4,2.3,0.7,2.3,2,3.4,24.5
393,Micah Potter,PF,25,UTA,2,0,7,0,5.1,0,0,5.1,0,0,0,NA,0,0,NA,0,20.6,20.6,0,0,0,0,0,0
394,Dwight Powell,C,32,DAL,48,8,727,3.3,4.7,0.705,0,0.1,0.5,3.3,4.6,0.71,3,4.1,0.723,4,5,9,3.6,1.1,0.9,1.4,4.9,9.7
395,Norman Powell,SG,30,LAC,54,0,1367,6.8,13.7,0.494,3,6.7,0.453,3.8,7.1,0.534,2.6,3.1,0.838,0.2,3.4,3.6,1.4,0.7,0.5,1.3,2.6,19.2
396,Jason Preston,PG,24,UTA,1,0,1,0,0,NA,0,0,NA,0,0,NA,0,0,NA,36,0,36,0,0,0,36,0,0
397,Joshua Primo,SG,21,LAC,1,0,5,7.2,14.4,0.5,0,7.2,0,7.2,7.2,1,0,0,NA,0,0,0,0,0,7.2,21.6,0,14.4
398,Taurean Prince,PF,29,LAL,55,49,1644,4.2,9.5,0.439,2.4,6.1,0.387,1.8,3.4,0.532,0.8,1.2,0.717,0.3,3.3,3.6,2.1,1.1,0.6,1.1,2.6,11.5
399,Payton Pritchard,PG,26,BOS,56,0,1158,5.1,11.7,0.436,3,8,0.383,2.1,3.7,0.55,0.9,1.2,0.811,1.5,4,5.5,4.8,0.7,0.2,1.1,2.1,14.2
400,Olivier-Maxence Prosper,PF,21,DAL,31,0,256,3.5,10,0.352,1.1,4.6,0.242,2.4,5.3,0.447,3.2,4.8,0.676,2.5,6,8.6,2.7,0.6,0.4,0.7,2.4,11.4
401,Trevelin Queen,SG,26,ORL,13,0,163,3.1,8.4,0.368,0.7,3.8,0.176,2.4,4.6,0.524,2,2.7,0.75,0.7,3.5,4.2,4,1.5,1.1,1.5,3.3,8.8
402,Neemias Queta,C,24,BOS,23,0,283,6.2,10.2,0.613,0,0,NA,6.2,10.2,0.613,1.9,2.5,0.75,5.6,7.4,13,1.4,1.3,1.8,1.1,5.7,14.4
403,Immanuel Quickley,SG-PG,24,TOT,52,22,1430,7,16.2,0.433,3.2,7.8,0.411,3.8,8.5,0.452,3.4,4,0.856,0.3,3.9,4.3,5,0.8,0.2,1.5,2.1,20.7
404,Lester Quinones,SG,23,GSW,21,0,269,4.6,11.6,0.391,2.5,6.8,0.373,2,4.8,0.417,2.1,3.1,0.696,2.1,4.6,6.7,3.5,0.7,0.3,1.9,4.7,13.8
405,Julius Randle,PF,29,NYK,46,46,1630,8.7,18.5,0.472,1.7,5.4,0.311,7,13.1,0.539,5.2,6.7,0.781,2.2,7.2,9.3,5.1,0.6,0.3,3.5,2.8,24.3
406,Duop Reath,C,27,POR,41,11,709,6.8,14.5,0.469,2.8,7.4,0.377,4,7.1,0.564,2.1,2.9,0.737,3.1,4.9,8,2.3,1.1,1.1,1.6,5.1,18.5
407,Austin Reaves,SG,25,LAL,58,33,1803,6.3,12.9,0.489,2,5.5,0.366,4.3,7.4,0.581,3.5,4.1,0.863,0.8,3.8,4.6,6.3,1,0.3,2.5,2.2,18.2
408,Cam Reddish,SF,24,LAL,35,26,815,3.7,9.1,0.405,1.4,4.2,0.337,2.3,4.9,0.464,1.6,2,0.783,0.8,2.9,3.7,2.1,1.9,0.5,1.3,2.4,10.3
409,Paul Reed,C,24,PHI,56,20,1008,5.7,10.5,0.548,0.4,1.2,0.333,5.4,9.3,0.575,1.2,1.6,0.733,4.3,6.7,11,2.4,1.4,1.6,1.3,4.7,13.1
410,Naz Reid,C,24,MIN,56,0,1260,7.3,15.2,0.484,3,7.3,0.412,4.3,7.8,0.551,1.7,2.3,0.753,1.4,5.9,7.3,1.7,1.1,1.2,1.9,3.2,19.5
411,Jared Rhoden,SG,24,DET,6,0,42,5.1,9.4,0.545,0.9,3.4,0.25,4.3,6,0.714,1.7,1.7,1,0.9,3.4,4.3,3.4,0,1.7,2.6,3.4,12.9
412,Nick Richards,C,26,CHO,47,34,1221,5.2,7.6,0.69,0,0,NA,5.2,7.6,0.69,2.9,4,0.73,3.7,7.5,11.2,1.2,0.4,1.8,1.6,3.7,13.4
413,Josh Richardson,SG,30,MIA,43,6,1103,5,11.3,0.444,2.2,6.2,0.347,2.9,5.1,0.561,1.7,1.8,0.944,0.6,3.4,3.9,3.4,0.8,0.5,1.2,2.5,13.9
414,Duncan Robinson,SF,29,MIA,51,19,1402,6.1,13.3,0.458,3.7,9,0.413,2.4,4.3,0.554,1.7,1.9,0.89,0.3,2.8,3.1,3.7,0.8,0.3,1.8,3,17.6
415,Jerome Robinson,SG,26,GSW,11,0,36,2,12,0.167,1,7,0.143,1,5,0.2,5,8,0.625,1,2,3,2,0,1,0,2,10
416,Mitchell Robinson,C,25,NYK,21,21,613,3.4,5.8,0.592,0,0,NA,3.4,5.8,0.592,0.8,2.2,0.368,6.6,6.1,12.7,0.9,1.9,1.6,1.2,2.3,7.6
417,Orlando Robinson,C,23,MIA,24,7,239,4.8,9.3,0.516,1.1,2,0.538,3.8,7.4,0.51,2.7,3.6,0.75,2.9,7.1,9.9,4.1,0.9,1.1,2.1,4.7,13.4
418,Jeremiah Robinson-Earl,PF,23,NOP,23,1,236,4.9,9.5,0.516,1.4,3.7,0.375,3.5,5.8,0.605,1.5,2,0.769,2.6,5.9,8.5,1.7,1.2,0.5,1.5,2.4,12.7
419,David Roddy,PF,22,TOT,50,13,1125,5,12.4,0.404,1.5,5.1,0.304,3.5,7.4,0.472,1.5,2.1,0.687,1.6,4.8,6.4,2.4,0.8,0.4,1.8,2.2,13.1
420,Ryan Rollins,PG,21,WAS,10,0,66,7.1,13.6,0.52,1.1,1.6,0.667,6,12,0.5,7.1,9.3,0.765,1.1,4.9,6,6,4.4,1.6,3.8,3.8,22.4
421,Derrick Rose,PG,35,MEM,22,7,378,6.9,15.1,0.453,1.4,3.8,0.375,5.4,11.3,0.479,2.3,2.6,0.889,0.7,3.4,4.1,7,0.8,0.2,2.7,2,17.4
422,Terry Rozier,SG-PG,29,TOT,40,39,1364,7.9,17.9,0.44,2.5,7.4,0.337,5.4,10.5,0.513,3.5,4,0.863,0.7,3.6,4.3,6.7,1.1,0.4,2,1.9,21.7
423,Rayan Rupert,SG,19,POR,16,0,119,4.5,13,0.349,2.1,5.1,0.412,2.4,7.9,0.308,1.5,2.4,0.625,2.1,4.2,6.4,3.3,0.9,0,1.8,2.1,12.7
424,D'Angelo Russell,PG,27,LAL,53,46,1661,7.4,15.9,0.463,3.1,7.4,0.415,4.3,8.5,0.505,2.3,2.9,0.812,0.4,2.8,3.3,7.3,1,0.6,2.2,2.4,20.2
425,Matt Ryan,SF,26,NOP,15,1,305,4.5,10,0.447,3.8,8,0.471,0.7,2,0.353,1.5,1.7,0.929,0.6,3.1,3.7,1.7,0.7,0.1,1.9,2.8,14.3
426,Domantas Sabonis,C,27,SAC,55,55,1961,8.3,13.2,0.624,0.5,1.1,0.426,7.8,12.1,0.642,3.4,4.8,0.697,3.3,10.1,13.3,8.5,0.8,0.6,3.3,3.1,20.4
427,Luka Šamanić,PF,24,UTA,26,0,147,5.6,14.9,0.377,1.5,5.9,0.25,4.2,9.1,0.459,4.2,5.1,0.81,2,8.6,10.5,1,0.2,0.7,2.7,3.9,16.9
428,Jermaine Samuels,SF,25,HOU,11,0,53,5.4,7.5,0.727,0,1.4,0,5.4,6.1,0.889,1.4,1.4,1,1.4,6.1,7.5,1.4,0.7,0.7,0,2.7,12.2
429,Adama Sanogo,PF,21,CHI,3,0,11,9.8,9.8,1,0,0,NA,9.8,9.8,1,6.5,9.8,0.667,6.5,13.1,19.6,0,0,0,3.3,0,26.2
430,Gui Santos,PF,21,GSW,14,0,118,5.2,10.4,0.5,1.8,4.6,0.4,3.4,5.8,0.579,4.3,4.6,0.933,3.7,6.7,10.4,2.1,0.9,0.6,1.2,4.9,16.5
431,Dario Šarić,C,29,GSW,53,9,1007,6,12.9,0.469,2.6,6.6,0.391,3.5,6.3,0.551,2.7,3.1,0.864,2.4,7.1,9.5,4.7,1.1,0.3,2.4,3.9,17.4
432,Olivier Sarr,C,24,OKC,13,0,90,4,7.2,0.556,0.8,2.4,0.333,3.2,4.8,0.667,3.6,5.2,0.692,4,10,14,0.8,0,2.4,1.2,6.8,12.4
433,Marcus Sasser,PG,23,DET,50,0,813,6.4,13.7,0.468,2.6,6.2,0.424,3.8,7.6,0.503,1.5,1.8,0.85,0.3,3.1,3.4,6.7,1.2,0.4,2.2,3.1,17
434,Admiral Schofield,PF,26,ORL,13,0,49,4.4,11.8,0.375,2.2,7.3,0.3,2.2,4.4,0.5,0,1.5,0,0.7,5.1,5.9,3.7,0,0,2.9,5.1,11
435,Dennis Schröder,PG,30,TOT,55,34,1659,5.6,13,0.434,1.8,5.1,0.352,3.8,7.8,0.488,2.8,3.3,0.838,0.5,2.8,3.3,7.2,1,0.2,2,2.5,15.8
436,Dereon Seabron,SG,23,NOP,5,0,52,2.8,9,0.308,0.7,1.4,0.5,2.1,7.6,0.273,3.5,4.2,0.833,0.7,4.2,4.8,2.8,1.4,0.7,0,2.8,9.7
437,Alperen Şengün,C,21,HOU,55,55,1785,9.2,17.1,0.539,0.6,2,0.297,8.6,15.1,0.572,4.3,6.1,0.705,3.1,7.1,10.1,5.5,1.2,0.8,2.8,3.7,23.4
438,Brice Sensabaugh,SF,20,UTA,7,0,29,7.4,19.9,0.375,2.5,8.7,0.286,5,11.2,0.444,1.2,1.2,1,1.2,3.7,5,2.5,1.2,0,2.5,3.7,18.6
439,Collin Sexton,SG,25,UTA,57,34,1404,8.8,18.2,0.485,2.3,5.9,0.392,6.5,12.2,0.53,6.1,7.1,0.869,1.3,2.5,3.7,6.7,0.9,0.3,2.9,2.9,26.1
440,Landry Shamet,SG,26,WAS,39,1,582,6.2,14.2,0.437,2.8,7.9,0.352,3.4,6.2,0.545,2.2,2.7,0.814,0.9,2.4,3.3,3,1.3,0.6,1.6,4.1,17.3
441,Day'Ron Sharpe,C,22,BRK,40,1,630,6.7,11.6,0.581,0.1,0.5,0.25,6.6,11.1,0.595,3.5,5.6,0.622,6.2,9.2,15.4,3.3,1,1.8,2.5,5.2,17.1
442,Shaedon Sharpe,SG,20,POR,32,25,1059,6,14.8,0.406,2,6.1,0.333,3.9,8.6,0.457,3.3,4,0.824,1.4,4,5.4,3.2,1,0.4,2.4,3,17.3
443,Ben Sheppard,SG,22,IND,34,0,372,3.9,10.1,0.385,1.9,6.6,0.294,1.9,3.5,0.556,1.4,1.6,0.824,0.7,3.7,4.4,2.3,1.5,0.1,0.7,4.2,11
444,Pascal Siakam,PF,29,TOT,55,55,1885,8.9,16.6,0.534,1.3,3.7,0.347,7.6,12.9,0.588,4,5.5,0.731,1.6,5.1,6.7,5,0.9,0.3,2.1,2.5,23
445,Ben Simmons,PG,27,BRK,13,11,329,4.3,7.2,0.591,0,0,NA,4.3,7.2,0.591,0.7,1.6,0.4,3,8.5,11.5,9,1,0.9,2.8,3.6,9.2
446,Anfernee Simons,SG,24,POR,32,32,1076,8.5,19.4,0.435,3.6,9.3,0.391,4.8,10.1,0.477,3.9,4.3,0.914,0.5,3.3,3.8,5.8,0.5,0.1,2.7,2.4,24.5
447,Jericho Sims,C,25,NYK,29,9,327,2.9,4.1,0.703,0,0,NA,2.9,4.1,0.703,0.9,1.3,0.667,3.3,5.6,8.9,1.2,0.3,1.2,0.9,3,6.6
448,Dmytro Skapintsev,C,25,NYK,2,0,2,0,18,0,0,0,NA,0,18,0,0,0,NA,0,0,0,0,0,0,0,0,0
449,Jalen Slawson,SF,24,SAC,5,0,19,3.8,5.7,0.667,0,1.9,0,3.8,3.8,1,0,0,NA,0,7.6,7.6,3.8,0,1.9,3.8,5.7,7.6
450,Javonte Smart,PG,24,PHI,1,0,1,0,0,NA,0,0,NA,0,0,NA,0,0,NA,0,0,0,0,0,0,0,0,0
451,Marcus Smart,PG,29,MEM,20,20,605,6.1,14.1,0.43,2.5,8,0.313,3.6,6.1,0.583,2.6,3.3,0.768,0.4,2.8,3.2,5.1,2.4,0.3,3.7,3.2,17.2
452,Dennis Smith Jr.,PG,26,BRK,39,1,775,5.2,11.8,0.443,0.9,3.4,0.274,4.3,8.5,0.511,1.6,2,0.791,1.9,4.2,6,7.1,2.1,0.5,2.4,4.2,13
453,Dru Smith,SG,26,MIA,9,0,131,4.1,9.1,0.455,1.9,4.7,0.412,2.2,4.4,0.5,0.5,0.5,1,1.6,2.2,3.8,3.8,2.5,0.8,1.4,3.3,10.7
454,Ish Smith,PG,35,CHO,43,5,741,3.2,7.7,0.418,0.2,0.4,0.5,3,7.3,0.413,0.1,0.2,0.75,0.5,3.2,3.7,7,0.8,0.2,2.3,2.4,6.8
455,Jabari Smith Jr.,PF,20,HOU,51,51,1617,5.5,12.2,0.456,1.9,5.2,0.362,3.7,6.9,0.527,2.1,2.6,0.809,2.3,7.3,9.6,1.6,0.8,0.8,1.4,3.1,15.1
456,Jalen Smith,C,23,IND,38,13,689,8.4,13.2,0.632,2.3,4.8,0.484,6.1,8.5,0.716,2.4,3.3,0.703,3.2,7.9,11.1,2,0.6,1.3,1.6,4.5,21.4
457,Nick Smith Jr.,SG,19,CHO,37,0,573,5.5,13.6,0.406,3.2,7.1,0.451,2.3,6.5,0.356,0.7,0.8,0.846,1,2.4,3.4,2.8,0.4,0.4,2,2.8,15
458,Terquavion Smith,PG,21,PHI,12,0,69,8.3,20.9,0.4,6.3,16.2,0.387,2.1,4.7,0.444,1,1.6,0.667,0,1,1,5.2,3.7,0,2.1,2.1,24
459,Jeremy Sochan,PF,20,SAS,57,56,1687,5.5,12.5,0.442,1.2,3.5,0.333,4.4,9.1,0.484,1.8,2.3,0.769,2.3,5.2,7.5,4.3,1,0.5,2.4,2.8,14
460,Jaden Springer,SG-PG,21,TOT,33,1,379,4.4,11.3,0.387,0.8,3.6,0.211,3.6,7.7,0.469,2.7,3.2,0.824,2.4,3.1,5.5,3.3,2.4,1,2.5,4.7,12.2
461,Lamar Stevens,PF,26,TOT,23,1,213,6.8,13.9,0.488,0.8,1.9,0.455,5.9,12,0.493,2.2,3.4,0.65,2.9,7.1,10,1.9,1.4,1.7,2.4,3.5,16.6
462,Isaiah Stewart,PF,22,DET,35,34,1070,4.8,10.2,0.47,1.6,4.4,0.374,3.1,5.8,0.544,1.8,2.4,0.746,2.1,5.9,8,2.1,0.4,0.9,1.8,2.9,13
463,Julian Strawther,SF,21,DEN,37,0,491,5.5,14.5,0.379,2.8,9.1,0.306,2.7,5.4,0.5,1.3,1.8,0.72,0.3,3.5,3.8,2.9,1.2,0.5,1.2,3.5,15.1
464,Max Strus,SF,27,CLE,55,55,1779,5,11.9,0.417,2.6,7.8,0.336,2.3,4.1,0.571,1.1,1.4,0.775,1,4.4,5.4,4.2,1,0.5,1.7,2.9,13.7
465,Jalen Suggs,SG,22,ORL,51,51,1362,5.9,13.2,0.444,2.7,7.2,0.382,3.1,6,0.518,2,2.6,0.76,1,3.4,4.4,3.3,1.9,0.8,2.5,3.8,16.5
466,Cole Swider,SF,24,MIA,10,0,50,6.5,16.6,0.391,3.6,12.2,0.294,2.9,4.3,0.667,1.4,1.4,1,0.7,1.4,2.2,2.9,0.7,0.7,4.3,1.4,18
467,Jae'Sean Tate,SF,28,HOU,52,9,902,3.7,7.9,0.47,0.8,2.8,0.304,2.9,5.1,0.558,0.9,1.3,0.688,2.1,4.8,6.9,2.2,1.5,0.4,1,4.9,9.1
468,Jayson Tatum,PF,25,BOS,53,53,1895,9.3,19.5,0.475,3.1,8.5,0.366,6.2,11,0.559,5.6,6.8,0.821,0.9,7.7,8.6,4.8,1,0.6,2.5,2,27.3
469,Terry Taylor,PF,24,CHI,19,0,134,4,7.5,0.536,0.3,1.9,0.143,3.8,5.6,0.667,0.3,0.3,1,3.8,3.5,7.3,1.9,1.1,0.5,1.9,3.5,8.6
470,Garrett Temple,SG,37,TOR,16,0,69,4.2,11,0.381,1,4.7,0.222,3.1,6.3,0.5,2.6,3.1,0.833,2.6,3.1,5.7,3.1,1.6,0,2.6,3.1,12
471,Dalen Terry,SG,21,CHI,36,1,362,3.1,7.7,0.403,1,4.3,0.233,2.1,3.4,0.618,1.7,2.4,0.708,1.3,4.7,6,4.5,1.1,0.8,1.7,4.7,8.9
472,Daniel Theis,C,31,TOT,40,1,671,5.4,10.1,0.534,0.9,2.1,0.41,4.6,8,0.567,1.7,2.3,0.721,3.1,4.6,7.7,2.1,1,1.9,1.4,5,13.4
473,Cam Thomas,SG,22,BRK,46,31,1366,9.2,21,0.44,2.5,6.8,0.362,6.8,14.2,0.478,4.7,5.6,0.84,0.4,3,3.4,3.2,0.9,0.3,2.2,2.5,25.6
474,Amen Thompson,SF,21,HOU,37,6,733,6,11.4,0.524,0.3,2.1,0.163,5.6,9.3,0.605,2.5,3.9,0.638,3.2,7,10.2,4.5,2.1,1,2.8,4.1,14.8
475,Ausar Thompson,SF,21,DET,55,30,1333,5.5,11.2,0.486,0.4,2.3,0.151,5.1,8.9,0.573,1.6,2.7,0.604,3.3,6.4,9.6,2.8,1.5,1.4,1.9,4.2,12.9
476,Klay Thompson,SF,33,GSW,52,49,1578,7.1,17.1,0.417,3.8,10.2,0.372,3.3,6.9,0.485,2,2.2,0.918,0.6,3.6,4.2,2.7,0.7,0.6,1.8,2.1,20.1
477,Tristan Thompson,PF,32,CLE,36,0,446,4.9,7.6,0.649,0,0.1,0,4.9,7.5,0.656,1,3.4,0.31,4.8,6.5,11.3,3.2,0.6,0.9,1.9,4,10.9
478,JT Thor,PF,21,CHO,44,1,576,3.2,8.7,0.367,1.2,3.7,0.317,2,4.9,0.405,0.4,0.8,0.538,2.4,4.4,6.8,1.1,0.5,1.1,0.7,2.7,8
479,Matisse Thybulle,SF,26,POR,53,19,1217,2.9,7.5,0.384,2,5.8,0.344,0.9,1.8,0.517,0.5,0.6,0.8,0.7,2.3,3,2,2.6,1.2,0.8,2.2,8.3
480,Xavier Tillman Sr.,C-PF,25,TOT,35,13,703,4.5,11,0.411,0.6,2.7,0.226,3.9,8.2,0.472,0.9,2.2,0.419,2.9,5.2,8,2.9,2.2,1.8,1.5,3.1,10.5
481,Jacob Toppin,SF,23,NYK,6,0,33,5.5,9.8,0.556,1.1,4.4,0.25,4.4,5.5,0.8,2.2,2.2,1,3.3,3.3,6.5,2.2,0,1.1,1.1,3.3,14.2
482,Obi Toppin,PF,25,IND,57,28,1275,6.7,11.9,0.567,2.1,5.1,0.408,4.7,6.8,0.685,1.6,2.2,0.74,1.8,4.5,6.3,2.5,0.8,0.8,1.4,2.9,17.1
483,Juan Toscano-Anderson,SF,30,SAC,11,0,53,2,8.2,0.25,0.7,2.7,0.25,1.4,5.4,0.25,0,0,NA,2.7,6.8,9.5,2.7,0.7,0.7,1.4,7.5,4.8
484,Karl-Anthony Towns,PF,28,MIN,55,55,1803,8.8,17.1,0.515,2.5,5.7,0.434,6.3,11.4,0.555,4.6,5.3,0.875,1.6,7.6,9.3,3.2,0.8,0.7,3.1,3.6,24.7
485,Gary Trent Jr.,SG,25,TOR,52,22,1379,5.9,14,0.42,3.3,7.9,0.419,2.6,6.1,0.421,0.9,1.3,0.7,0.3,2.7,3,2.1,1.3,0.2,0.9,1.7,16
486,Oscar Tshiebwe,PF,24,IND,7,0,37,8.8,16.5,0.529,0,0,NA,8.8,16.5,0.529,4.9,5.8,0.833,5.8,7.8,13.6,1.9,1.9,0,0,1.9,22.4
487,P.J. Tucker,PF,38,TOT,16,3,253,0.9,2.7,0.316,0.7,2.3,0.313,0.1,0.4,0.333,0.4,0.4,1,2.4,4.1,6.5,1.1,1.3,0.4,0.6,5.3,2.8
488,Myles Turner,C,27,IND,53,53,1453,8.2,15.6,0.525,1.8,5.3,0.332,6.4,10.3,0.624,4.4,5.5,0.786,2,7.1,9.2,1.8,0.8,2.3,1.9,4.2,22.5
489,Hunter Tyson,PF,23,DEN,9,0,27,1.3,9.3,0.143,0,8,0,1.3,1.3,1,0,0,NA,0,8,8,1.3,0,0,2.7,8,2.7
490,Stanley Umude,SG,24,DET,17,0,190,4.7,9.9,0.481,3.2,5.9,0.548,1.5,4,0.381,4.2,4.5,0.917,0.8,5.1,5.9,1.7,0.8,0.9,2.1,5.3,16.9
491,Jonas Valančiūnas,C,31,NOP,57,57,1455,7.7,13.5,0.574,0.8,2.2,0.356,7,11.3,0.618,3.2,4,0.796,3.7,9.7,13.4,3.3,0.6,1.4,2,4.1,19.5
492,Jarred Vanderbilt,PF,24,LAL,29,6,581,3.7,7.1,0.518,0.5,1.7,0.296,3.2,5.4,0.586,1.5,2.2,0.667,2.5,6,8.6,2.2,2.2,0.3,1.7,2.7,9.3
493,Fred VanVleet,PG,29,HOU,49,49,1794,5.4,13.2,0.409,2.9,7.6,0.375,2.5,5.5,0.455,2.5,3,0.851,0.4,3.3,3.7,7.9,1.1,0.9,1.6,2.2,16.2
494,Devin Vassell,SG,23,SAS,52,46,1649,7.9,17,0.466,2.8,7.5,0.374,5.1,9.5,0.539,2.8,3.5,0.802,0.4,3.7,4.1,4.2,1.2,0.3,1.6,1.1,21.5
495,Sasha Vezenkov,PF,28,SAC,35,0,440,6.1,13.5,0.448,3.1,8.2,0.38,2.9,5.3,0.554,0.8,1.1,0.769,2.5,4.6,7,1.2,1.3,0.6,0.9,2.9,16
496,Gabe Vincent,PG,27,LAL,5,0,127,3.4,9.1,0.375,0.6,4.8,0.118,2.8,4.3,0.667,0.3,0.6,0.5,0.6,0.9,1.4,4.3,1.7,0,0.6,3.4,7.7
497,Nikola Vučević,C,33,CHI,51,49,1757,7.8,16.6,0.473,1.2,4.3,0.271,6.7,12.3,0.543,1.5,1.8,0.86,2.8,8.3,11.1,3.5,0.7,0.9,1.6,2.7,18.3
498,Dean Wade,PF,27,CLE,46,30,954,3.1,7.5,0.41,2.6,6.6,0.397,0.5,1,0.5,0.6,0.7,0.789,1.2,6,7.2,1.4,1.4,0.7,0.7,3.2,9.4
499,Franz Wagner,SF,22,ORL,48,48,1596,8.4,17.6,0.478,1.8,5.5,0.317,6.6,12,0.552,4.1,4.8,0.859,1.2,4.9,6,4.4,1.2,0.4,2.1,2.5,22.7
500,Moritz Wagner,C,26,ORL,54,1,999,8.3,14.2,0.588,1,2.9,0.333,7.4,11.2,0.654,4.4,5.5,0.799,3,5.7,8.7,2.3,0.9,0.6,2.3,4.3,22.1
501,Ish Wainright,SF,29,POR,7,0,46,4.7,14.1,0.333,4.7,12.5,0.375,0,1.6,0,1.6,1.6,1,0,7,7,0,1.6,0.8,0.8,3.1,15.7
502,Jabari Walker,SF,21,POR,51,14,1122,4.9,10.6,0.465,0.9,3.1,0.276,4,7.4,0.545,2.8,3.7,0.754,3.2,7.2,10.4,1.3,1,0.6,1.5,3.7,13.4
503,Jarace Walker,PF,20,IND,17,0,173,5.8,13.7,0.424,2.5,6.7,0.375,3.3,7.1,0.471,1.2,1.5,0.857,1.7,4.4,6,4.2,1.9,1.2,2.1,3.5,15.4
504,Lonnie Walker IV,SG,25,BRK,35,0,634,8.3,17.9,0.467,4.2,9.7,0.433,4.1,8.2,0.507,2,2.6,0.761,0.5,3.7,4.2,3,1.4,0.6,2,2.4,22.9
505,Cason Wallace,SG,20,OKC,56,9,1161,4.6,9,0.514,2.1,4.9,0.421,2.5,4.1,0.626,0.7,0.8,0.846,1.1,2.8,3.9,2.4,1.3,0.7,0.8,2.9,12
506,Jordan Walsh,SF,19,BOS,4,0,33,1.1,5.5,0.2,0,3.3,0,1.1,2.2,0.5,0,0,NA,2.2,9.8,12,2.2,2.2,1.1,2.2,5.5,2.2
507,P.J. Washington,PF,25,TOT,48,20,1405,6.2,14,0.443,2.1,6.7,0.317,4.1,7.3,0.56,1.8,2.6,0.696,1.5,5,6.5,2.7,1,0.9,1.8,3.1,16.3
508,TyTy Washington Jr.,PG,22,MIL,5,0,21,1.7,12,0.143,1.7,5.1,0.333,0,6.9,0,0,0,NA,0,1.7,1.7,1.7,3.4,0,3.4,0,5.1
509,Yuta Watanabe,SF,29,TOT,31,0,418,3.4,9.6,0.36,2.2,7.1,0.301,1.3,2.4,0.536,0.9,1.3,0.667,0.9,3.2,4.1,1,0.9,0.6,1.5,3,9.9
510,Lindy Waters III,SG,26,OKC,24,0,170,4.9,11,0.442,4.4,10.2,0.438,0.4,0.8,0.5,0,0,NA,0.2,4.7,4.9,2.5,0.2,0.8,0.8,3.6,14.2
511,Trendon Watford,PF,23,BRK,39,0,463,7.1,13,0.545,1,2.6,0.382,6.1,10.3,0.586,2.8,3.2,0.878,2.5,5.4,7.9,4.3,1.2,0.7,2,4.8,18
512,Peyton Watson,SF,21,DEN,55,4,1009,5.2,10.8,0.477,1.4,4,0.345,3.8,6.8,0.555,1.9,2.7,0.701,1.3,4.5,5.8,2,1.1,1.9,1.5,3.5,13.7
513,Victor Wembanyama,C,20,SAS,51,51,1454,9.5,20.5,0.466,2,6.3,0.318,7.5,14.2,0.531,5,6.1,0.814,2.7,10,12.8,4.2,1.6,4.1,4.3,2.7,26
514,Blake Wesley,SG,20,SAS,36,1,470,4.6,9,0.513,0.3,2.1,0.143,4.3,6.8,0.629,1.9,3.2,0.595,0.8,2.5,3.3,7.1,1.5,0.3,2.2,4.2,11.4
515,Russell Westbrook,PG,35,LAC,55,10,1266,7.1,15.6,0.455,1.1,3.8,0.276,6,11.7,0.513,2.4,3.6,0.661,2.2,6,8.2,7.1,1.7,0.6,3.3,2.7,17.6
516,Coby White,PG,23,CHI,56,56,2031,6.9,15,0.461,2.9,7.2,0.399,4.1,7.9,0.518,2.7,3.3,0.828,0.5,4.1,4.6,5.2,0.7,0.2,2.2,2.3,19.4
517,Derrick White,SG,29,BOS,52,52,1679,6.1,13.1,0.466,3,7.6,0.399,3.1,5.5,0.558,2.4,2.7,0.895,0.7,3.6,4.3,5.3,1.1,1.3,1.8,2.4,17.6
518,Cam Whitmore,SF,19,HOU,30,1,521,9.1,19.1,0.477,3.6,9.3,0.388,5.5,9.9,0.559,3.2,4.8,0.657,1.4,6.1,7.5,1,1.2,0.6,1.9,2.7,25
519,Aaron Wiggins,SG,25,OKC,53,0,760,6.2,10.5,0.586,2.1,4,0.524,4.1,6.5,0.623,1.5,1.9,0.775,1.8,4.1,5.9,2.3,1.3,0.3,1.6,3,15.9
520,Andrew Wiggins,SF,28,GSW,50,39,1357,6.5,14.2,0.454,1.5,4.4,0.348,5,9.9,0.501,2.4,3.3,0.722,2.1,3.6,5.7,2.2,0.8,0.7,1.7,2.9,16.9
521,Lindell Wigginton,PG,25,MIL,3,0,8,9,22.5,0.4,0,9,0,9,13.5,0.667,9,9,1,0,0,0,0,0,0,4.5,4.5,27
522,Alondes Williams,SG,24,MIA,1,0,6,0,6,0,0,6,0,0,0,NA,0,0,NA,0,6,6,0,0,0,6,0,0
523,Brandon Williams,PG,24,DAL,12,0,59,4.9,13.4,0.364,1.2,3.7,0.333,3.7,9.8,0.375,3.7,6.7,0.545,1.8,2.4,4.3,7.3,0.6,0.6,1.8,1.2,14.6
524,Grant Williams,PF,25,TOT,52,33,1386,4.2,9.8,0.424,2.4,6.3,0.379,1.8,3.5,0.507,1.4,1.8,0.786,1.4,3.7,5,2.3,0.7,0.7,1.5,3.8,12.1
525,Jalen Williams,PF,22,OKC,50,50,1594,8.4,15.4,0.545,1.7,3.7,0.455,6.7,11.7,0.574,3,3.7,0.799,0.6,4,4.5,5.2,1.1,0.6,2,3,21.5
526,Jaylin Williams,C,21,OKC,47,0,585,3.6,9.4,0.386,2.2,6,0.357,1.5,3.4,0.436,1.4,1.7,0.815,1.5,7.8,9.3,3.9,1.2,1,1.2,4.1,10.8
527,Jeenathan Williams,SG,24,HOU,11,0,76,6.6,14.2,0.467,0.5,1.4,0.333,6.2,12.8,0.481,1.9,3.3,0.571,3.8,0.9,4.7,2.8,0.9,0,0.9,4.3,15.6
528,Kenrich Williams,PF,29,OKC,45,1,672,4.4,9.5,0.463,2.1,5.1,0.411,2.3,4.4,0.524,0.2,0.5,0.3,1.8,5,6.8,3,1.3,0.3,0.9,3.5,11
529,Mark Williams,C,22,CHO,19,19,508,6.9,10.7,0.649,0,0,NA,6.9,10.7,0.649,3.3,4.5,0.719,5.4,7.7,13,1.6,1.1,1.4,1.2,3.5,17.1
530,Patrick Williams,PF,22,CHI,43,30,1174,4.9,11,0.443,1.8,4.5,0.399,3.1,6.5,0.474,1.6,2,0.788,1.4,3.7,5.1,2,1.2,1,1.7,2.7,13.2
531,Robert Williams,C,26,POR,6,0,119,5.1,7.9,0.654,0,0,NA,5.1,7.9,0.654,2.1,2.7,0.778,3.3,8.2,11.5,1.5,2.1,2.1,2.1,5.1,12.4
532,Vince Williams Jr.,SG,23,MEM,45,26,1207,4.1,9.2,0.448,2,5.5,0.366,2.1,3.8,0.567,2.6,3.2,0.815,1.6,6,7.6,4.1,1.2,0.8,2,3.4,12.9
533,Ziaire Williams,SF,22,MEM,47,11,917,5.3,13.2,0.402,2.1,6.7,0.318,3.2,6.5,0.488,2.2,2.7,0.812,1.3,5,6.2,2.8,1.3,0.4,2.3,3.1,14.9
534,Zion Williamson,PF,23,NOP,46,46,1414,10.4,17.9,0.58,0.1,0.3,0.364,10.3,17.6,0.583,5.5,8,0.688,2.1,4.4,6.5,5.8,1.1,0.6,2.9,2.7,26.4
535,Jalen Wilson,PF,23,BRK,17,1,238,4.7,9.4,0.5,1.7,3.3,0.5,3,6.1,0.5,2.6,2.9,0.895,2.9,3.5,6.4,3.2,0.8,0.2,0.6,2.9,13.6
536,Dylan Windler,SF,27,TOT,10,0,34,5.3,11.6,0.455,5.3,10.6,0.5,0,1.1,0,0,0,NA,0,4.2,4.2,6.4,0,0,0,3.2,15.9
537,James Wiseman,C,22,DET,36,0,512,6.6,9.9,0.667,0,0.1,0,6.6,9.8,0.676,2,3.2,0.609,3.7,6.5,10.2,1.7,0.4,1.6,2.2,5.3,15.2
538,Christian Wood,PF,28,LAL,50,1,872,5.1,10.9,0.466,1.4,4.7,0.307,3.6,6.2,0.587,2.7,3.9,0.702,1.6,8.9,10.5,2,0.7,1.4,2.1,3,14.3
539,Delon Wright,PG,31,WAS,33,0,456,3.8,9.6,0.393,1.1,3,0.368,2.7,6.6,0.405,1.9,2.3,0.828,1,3.6,4.7,6.5,2.8,0.6,0.9,1.7,10.6
540,Thaddeus Young,PF,35,TOT,24,6,369,5.4,8.8,0.611,0.1,0.6,0.167,5.3,8.2,0.643,0.5,1.2,0.417,3.4,4.7,8.1,4.9,1.9,0.3,1.2,4.1,11.3
541,Trae Young,PG,25,ATL,51,51,1862,8.1,19,0.426,3.3,8.8,0.371,4.8,10.2,0.473,6.6,7.7,0.856,0.4,2.3,2.7,10.7,1.4,0.2,4.3,2,26
542,Omer Yurtseven,C,25,UTA,30,6,272,5.3,11,0.482,0.4,2,0.2,4.9,9,0.544,0.9,1.7,0.538,4.9,9.5,14.4,1.7,0.5,1.5,3.2,4.6,11.9
543,Cody Zeller,C,31,NOP,37,0,291,2.7,6.7,0.407,0.1,0.4,0.333,2.6,6.3,0.412,2.6,4.3,0.6,4.8,7.2,12,4.3,1,0.5,1.6,4.8,8.2
544,Ivica Zubac,C,26,LAC,45,45,1195,6.8,10.5,0.649,0,0,NA,6.8,10.5,0.649,2.4,3.6,0.667,4.2,8.7,12.9,1.7,0.3,1.7,1.5,3.8,16.1
